{
 "args": {
  "cache_dir": "/mnt/nas/data/RH20T/caches",
  "train_cfgs": [
   1,
   2,
   3,
   4,
   5,
   6,
   7
  ],
  "tag": "all_vo",
  "out_dir": "/mnt/nas/data/RH20T/checkpoints/phase1_abl",
  "seeds": 5,
  "epochs": 40,
  "batch": 256,
  "d": 256,
  "queries": 8,
  "lr": 0.001,
  "workers": 4,
  "vision_only": true,
  "no_joint_sigreg": false
 },
 "seeds": {
  "0": {
   "flexiv": {
    "n_test": 27448,
    "rankme_zv": 190.35349164689902,
    "zv_r2_motor": 0.13423103094100952,
    "zv_r2_ee": 0.12132567912340164,
    "raw_r2_motor": 0.2318362593650818,
    "raw_r2_ee": 0.21098235249519348,
    "pca256_r2_motor": 0.21956075727939606,
    "pca256_r2_ee": 0.20494014024734497
   },
   "ur5": {
    "n_test": 12930,
    "rankme_zv": 185.10008482740528,
    "zv_r2_motor": 0.19818687438964844,
    "zv_r2_ee": 0.08406496047973633,
    "raw_r2_motor": 0.3206460177898407,
    "raw_r2_ee": 0.10253579914569855,
    "pca256_r2_motor": 0.32117587327957153,
    "pca256_r2_ee": 0.14359678328037262
   },
   "franka": {
    "n_test": 5970,
    "rankme_zv": 179.27423075428854,
    "zv_r2_motor": -0.3636573851108551,
    "raw_r2_motor": -6.709146499633789,
    "pca256_r2_motor": -0.7499379515647888
   },
   "kuka": {
    "n_test": 10650,
    "rankme_zv": 184.62550225114083,
    "zv_r2_motor": 0.2599222660064697,
    "zv_r2_ee": 0.2274681031703949,
    "raw_r2_motor": 0.39103806018829346,
    "raw_r2_ee": 0.35304340720176697,
    "pca256_r2_motor": 0.3841734230518341,
    "pca256_r2_ee": 0.3529908061027527
   },
   "train_minutes": 45.5179967880249
  },
  "1": {
   "flexiv": {
    "n_test": 27448,
    "rankme_zv": 195.43746540124366,
    "zv_r2_motor": 0.1363425850868225,
    "zv_r2_ee": 0.12154865264892578,
    "raw_r2_motor": 0.2318362593650818,
    "raw_r2_ee": 0.21098235249519348,
    "pca256_r2_motor": 0.21956075727939606,
    "pca256_r2_ee": 0.20494014024734497
   },
   "ur5": {
    "n_test": 12930,
    "rankme_zv": 190.1431366006367,
    "zv_r2_motor": 0.19827134907245636,
    "zv_r2_ee": 0.08299382030963898,
    "raw_r2_motor": 0.3206460177898407,
    "raw_r2_ee": 0.10253579914569855,
    "pca256_r2_motor": 0.32117587327957153,
    "pca256_r2_ee": 0.14359678328037262
   },
   "franka": {
    "n_test": 5970,
    "rankme_zv": 183.23593192725247,
    "zv_r2_motor": -0.37720897793769836,
    "raw_r2_motor": -6.709146499633789,
    "pca256_r2_motor": -0.7499379515647888
   },
   "kuka": {
    "n_test": 10650,
    "rankme_zv": 188.49241047534173,
    "zv_r2_motor": 0.2642808258533478,
    "zv_r2_ee": 0.2176535576581955,
    "raw_r2_motor": 0.39103806018829346,
    "raw_r2_ee": 0.35304340720176697,
    "pca256_r2_motor": 0.3841734230518341,
    "pca256_r2_ee": 0.3529908061027527
   },
   "train_minutes": 39.66407791773478
  },
  "2": {
   "flexiv": {
    "n_test": 27448,
    "rankme_zv": 193.11107094922843,
    "zv_r2_motor": 0.14273856580257416,
    "zv_r2_ee": 0.12468935549259186,
    "raw_r2_motor": 0.2318362593650818,
    "raw_r2_ee": 0.21098235249519348,
    "pca256_r2_motor": 0.21956075727939606,
    "pca256_r2_ee": 0.20494014024734497
   },
   "ur5": {
    "n_test": 12930,
    "rankme_zv": 188.1764805985525,
    "zv_r2_motor": 0.2002106010913849,
    "zv_r2_ee": 0.08407438546419144,
    "raw_r2_motor": 0.3206460177898407,
    "raw_r2_ee": 0.10253579914569855,
    "pca256_r2_motor": 0.32117587327957153,
    "pca256_r2_ee": 0.14359678328037262
   },
   "franka": {
    "n_test": 5970,
    "rankme_zv": 180.54066497678104,
    "zv_r2_motor": -0.30657386779785156,
    "raw_r2_motor": -6.709146499633789,
    "pca256_r2_motor": -0.7499379515647888
   },
   "kuka": {
    "n_test": 10650,
    "rankme_zv": 185.28240946992935,
    "zv_r2_motor": 0.2591783106327057,
    "zv_r2_ee": 0.2330455332994461,
    "raw_r2_motor": 0.39103806018829346,
    "raw_r2_ee": 0.35304340720176697,
    "pca256_r2_motor": 0.3841734230518341,
    "pca256_r2_ee": 0.3529908061027527
   },
   "train_minutes": 39.75303794940313
  },
  "3": {
   "flexiv": {
    "n_test": 27448,
    "rankme_zv": 197.04353508064304,
    "zv_r2_motor": 0.1377275586128235,
    "zv_r2_ee": 0.12312392890453339,
    "raw_r2_motor": 0.2318362593650818,
    "raw_r2_ee": 0.21098235249519348,
    "pca256_r2_motor": 0.21956075727939606,
    "pca256_r2_ee": 0.20494014024734497
   },
   "ur5": {
    "n_test": 12930,
    "rankme_zv": 192.6151339507886,
    "zv_r2_motor": 0.18886364996433258,
    "zv_r2_ee": 0.08883161842823029,
    "raw_r2_motor": 0.3206460177898407,
    "raw_r2_ee": 0.10253579914569855,
    "pca256_r2_motor": 0.32117587327957153,
    "pca256_r2_ee": 0.14359678328037262
   },
   "franka": {
    "n_test": 5970,
    "rankme_zv": 185.5197677820803,
    "zv_r2_motor": -0.40453341603279114,
    "raw_r2_motor": -6.709146499633789,
    "pca256_r2_motor": -0.7499379515647888
   },
   "kuka": {
    "n_test": 10650,
    "rankme_zv": 190.0522636728696,
    "zv_r2_motor": 0.25550782680511475,
    "zv_r2_ee": 0.20929716527462006,
    "raw_r2_motor": 0.39103806018829346,
    "raw_r2_ee": 0.35304340720176697,
    "pca256_r2_motor": 0.3841734230518341,
    "pca256_r2_ee": 0.3529908061027527
   },
   "train_minutes": 37.321996529897056
  },
  "4": {
   "flexiv": {
    "n_test": 27448,
    "rankme_zv": 192.27771440226215,
    "zv_r2_motor": 0.13385476171970367,
    "zv_r2_ee": 0.11765178292989731,
    "raw_r2_motor": 0.2318362593650818,
    "raw_r2_ee": 0.21098235249519348,
    "pca256_r2_motor": 0.21956075727939606,
    "pca256_r2_ee": 0.20494014024734497
   },
   "ur5": {
    "n_test": 12930,
    "rankme_zv": 188.50164585392332,
    "zv_r2_motor": 0.20206905901432037,
    "zv_r2_ee": 0.08618345111608505,
    "raw_r2_motor": 0.3206460177898407,
    "raw_r2_ee": 0.10253579914569855,
    "pca256_r2_motor": 0.32117587327957153,
    "pca256_r2_ee": 0.14359678328037262
   },
   "franka": {
    "n_test": 5970,
    "rankme_zv": 180.23285569652995,
    "zv_r2_motor": -0.30681121349334717,
    "raw_r2_motor": -6.709146499633789,
    "pca256_r2_motor": -0.7499379515647888
   },
   "kuka": {
    "n_test": 10650,
    "rankme_zv": 186.81175529189372,
    "zv_r2_motor": 0.2530762255191803,
    "zv_r2_ee": 0.2142188400030136,
    "raw_r2_motor": 0.39103806018829346,
    "raw_r2_ee": 0.35304340720176697,
    "pca256_r2_motor": 0.3841734230518341,
    "pca256_r2_ee": 0.3529908061027527
   },
   "train_minutes": 39.78772424459457
  }
 }
}