{
 "args": {
  "cache_dir": "/mnt/nas/data/RH20T/caches",
  "train_cfgs": [
   1,
   2
  ],
  "tag": "flexiv_vo",
  "out_dir": "/mnt/nas/data/RH20T/checkpoints/phase1_abl",
  "seeds": 5,
  "epochs": 40,
  "batch": 256,
  "d": 256,
  "queries": 8,
  "lr": 0.001,
  "workers": 4,
  "vision_only": true,
  "no_joint_sigreg": false
 },
 "seeds": {
  "0": {
   "flexiv": {
    "n_test": 27448,
    "rankme_zv": 183.6982680807756,
    "zv_r2_motor": 0.12472276389598846,
    "zv_r2_ee": 0.1183214858174324,
    "raw_r2_motor": 0.2318362593650818,
    "raw_r2_ee": 0.21098235249519348,
    "pca256_r2_motor": 0.21956075727939606,
    "pca256_r2_ee": 0.20494014024734497
   },
   "ur5": {
    "n_test": 12930,
    "rankme_zv": 175.80406393507505,
    "zv_r2_motor": 0.1685715764760971,
    "zv_r2_ee": 0.07451082766056061,
    "raw_r2_motor": 0.3206460177898407,
    "raw_r2_ee": 0.10253579914569855,
    "pca256_r2_motor": 0.32117587327957153,
    "pca256_r2_ee": 0.14359678328037262
   },
   "franka": {
    "n_test": 5970,
    "rankme_zv": 171.21356551300926,
    "zv_r2_motor": -0.45886513590812683,
    "raw_r2_motor": -6.709146499633789,
    "pca256_r2_motor": -0.7499379515647888
   },
   "kuka": {
    "n_test": 10650,
    "rankme_zv": 175.45594117698775,
    "zv_r2_motor": 0.2070198506116867,
    "zv_r2_ee": 0.20296430587768555,
    "raw_r2_motor": 0.39103806018829346,
    "raw_r2_ee": 0.35304340720176697,
    "pca256_r2_motor": 0.3841734230518341,
    "pca256_r2_ee": 0.3529908061027527
   },
   "train_minutes": 25.469345275561015
  },
  "1": {
   "flexiv": {
    "n_test": 27448,
    "rankme_zv": 182.5665045163176,
    "zv_r2_motor": 0.12688122689723969,
    "zv_r2_ee": 0.11373250931501389,
    "raw_r2_motor": 0.2318362593650818,
    "raw_r2_ee": 0.21098235249519348,
    "pca256_r2_motor": 0.21956075727939606,
    "pca256_r2_ee": 0.20494014024734497
   },
   "ur5": {
    "n_test": 12930,
    "rankme_zv": 175.17260484170257,
    "zv_r2_motor": 0.17544692754745483,
    "zv_r2_ee": 0.07420000433921814,
    "raw_r2_motor": 0.3206460177898407,
    "raw_r2_ee": 0.10253579914569855,
    "pca256_r2_motor": 0.32117587327957153,
    "pca256_r2_ee": 0.14359678328037262
   },
   "franka": {
    "n_test": 5970,
    "rankme_zv": 168.569798212755,
    "zv_r2_motor": -0.49633610248565674,
    "raw_r2_motor": -6.709146499633789,
    "pca256_r2_motor": -0.7499379515647888
   },
   "kuka": {
    "n_test": 10650,
    "rankme_zv": 173.90576499032898,
    "zv_r2_motor": 0.20508581399917603,
    "zv_r2_ee": 0.17094416916370392,
    "raw_r2_motor": 0.39103806018829346,
    "raw_r2_ee": 0.35304340720176697,
    "pca256_r2_motor": 0.3841734230518341,
    "pca256_r2_ee": 0.3529908061027527
   },
   "train_minutes": 22.492364434401193
  },
  "2": {
   "flexiv": {
    "n_test": 27448,
    "rankme_zv": 180.96347730646647,
    "zv_r2_motor": 0.13689664006233215,
    "zv_r2_ee": 0.1218210905790329,
    "raw_r2_motor": 0.2318362593650818,
    "raw_r2_ee": 0.21098235249519348,
    "pca256_r2_motor": 0.21956075727939606,
    "pca256_r2_ee": 0.20494014024734497
   },
   "ur5": {
    "n_test": 12930,
    "rankme_zv": 171.60126992851013,
    "zv_r2_motor": 0.16502989828586578,
    "zv_r2_ee": 0.0731763169169426,
    "raw_r2_motor": 0.3206460177898407,
    "raw_r2_ee": 0.10253579914569855,
    "pca256_r2_motor": 0.32117587327957153,
    "pca256_r2_ee": 0.14359678328037262
   },
   "franka": {
    "n_test": 5970,
    "rankme_zv": 164.78603019838243,
    "zv_r2_motor": -0.4604334831237793,
    "raw_r2_motor": -6.709146499633789,
    "pca256_r2_motor": -0.7499379515647888
   },
   "kuka": {
    "n_test": 10650,
    "rankme_zv": 168.4358383943531,
    "zv_r2_motor": 0.21347695589065552,
    "zv_r2_ee": 0.202981099486351,
    "raw_r2_motor": 0.39103806018829346,
    "raw_r2_ee": 0.35304340720176697,
    "pca256_r2_motor": 0.3841734230518341,
    "pca256_r2_ee": 0.3529908061027527
   },
   "train_minutes": 20.796522359053295
  },
  "3": {
   "flexiv": {
    "n_test": 27448,
    "rankme_zv": 179.9486823372737,
    "zv_r2_motor": 0.12780947983264923,
    "zv_r2_ee": 0.113169826567173,
    "raw_r2_motor": 0.2318362593650818,
    "raw_r2_ee": 0.21098235249519348,
    "pca256_r2_motor": 0.21956075727939606,
    "pca256_r2_ee": 0.20494014024734497
   },
   "ur5": {
    "n_test": 12930,
    "rankme_zv": 171.7169142966106,
    "zv_r2_motor": 0.17568351328372955,
    "zv_r2_ee": 0.07859867066144943,
    "raw_r2_motor": 0.3206460177898407,
    "raw_r2_ee": 0.10253579914569855,
    "pca256_r2_motor": 0.32117587327957153,
    "pca256_r2_ee": 0.14359678328037262
   },
   "franka": {
    "n_test": 5970,
    "rankme_zv": 167.15353312807866,
    "zv_r2_motor": -0.4862735867500305,
    "raw_r2_motor": -6.709146499633789,
    "pca256_r2_motor": -0.7499379515647888
   },
   "kuka": {
    "n_test": 10650,
    "rankme_zv": 171.19212762995966,
    "zv_r2_motor": 0.21422919631004333,
    "zv_r2_ee": 0.19074036180973053,
    "raw_r2_motor": 0.39103806018829346,
    "raw_r2_ee": 0.35304340720176697,
    "pca256_r2_motor": 0.3841734230518341,
    "pca256_r2_ee": 0.3529908061027527
   },
   "train_minutes": 19.92952968676885
  },
  "4": {
   "flexiv": {
    "n_test": 27448,
    "rankme_zv": 184.7030098941759,
    "zv_r2_motor": 0.11788852512836456,
    "zv_r2_ee": 0.10634862631559372,
    "raw_r2_motor": 0.2318362593650818,
    "raw_r2_ee": 0.21098235249519348,
    "pca256_r2_motor": 0.21956075727939606,
    "pca256_r2_ee": 0.20494014024734497
   },
   "ur5": {
    "n_test": 12930,
    "rankme_zv": 176.91444647783197,
    "zv_r2_motor": 0.15111102163791656,
    "zv_r2_ee": 0.05447234958410263,
    "raw_r2_motor": 0.3206460177898407,
    "raw_r2_ee": 0.10253579914569855,
    "pca256_r2_motor": 0.32117587327957153,
    "pca256_r2_ee": 0.14359678328037262
   },
   "franka": {
    "n_test": 5970,
    "rankme_zv": 172.4411437643165,
    "zv_r2_motor": -0.3704012632369995,
    "raw_r2_motor": -6.709146499633789,
    "pca256_r2_motor": -0.7499379515647888
   },
   "kuka": {
    "n_test": 10650,
    "rankme_zv": 175.69587914233986,
    "zv_r2_motor": 0.19414196908473969,
    "zv_r2_ee": 0.17662927508354187,
    "raw_r2_motor": 0.39103806018829346,
    "raw_r2_ee": 0.35304340720176697,
    "pca256_r2_motor": 0.3841734230518341,
    "pca256_r2_ee": 0.3529908061027527
   },
   "train_minutes": 20.37587110598882
  }
 }
}