{
 "args": {
  "cache_dir": "/mnt/nas/data/RH20T/caches",
  "train_cfgs": [
   5
  ],
  "tag": "franka_vo",
  "out_dir": "/mnt/nas/data/RH20T/checkpoints/phase1_abl",
  "seeds": 5,
  "epochs": 40,
  "batch": 256,
  "d": 256,
  "queries": 8,
  "lr": 0.001,
  "workers": 4,
  "vision_only": true,
  "no_joint_sigreg": false
 },
 "seeds": {
  "0": {
   "flexiv": {
    "n_test": 27448,
    "rankme_zv": 126.37894912772622,
    "zv_r2_motor": 0.07423960417509079,
    "zv_r2_ee": 0.06532368808984756,
    "raw_r2_motor": 0.2318362593650818,
    "raw_r2_ee": 0.21098235249519348,
    "pca256_r2_motor": 0.21956075727939606,
    "pca256_r2_ee": 0.20494014024734497
   },
   "ur5": {
    "n_test": 12930,
    "rankme_zv": 122.74978882364985,
    "zv_r2_motor": 0.12740379571914673,
    "zv_r2_ee": 0.047491405159235,
    "raw_r2_motor": 0.3206460177898407,
    "raw_r2_ee": 0.10253579914569855,
    "pca256_r2_motor": 0.32117587327957153,
    "pca256_r2_ee": 0.14359678328037262
   },
   "franka": {
    "n_test": 5970,
    "rankme_zv": 124.1398837258777,
    "zv_r2_motor": -0.6191709041595459,
    "raw_r2_motor": -6.709146499633789,
    "pca256_r2_motor": -0.7499379515647888
   },
   "kuka": {
    "n_test": 10650,
    "rankme_zv": 118.37494184322986,
    "zv_r2_motor": 0.15001310408115387,
    "zv_r2_ee": 0.10844619572162628,
    "raw_r2_motor": 0.39103806018829346,
    "raw_r2_ee": 0.35304340720176697,
    "pca256_r2_motor": 0.3841734230518341,
    "pca256_r2_ee": 0.3529908061027527
   },
   "train_minutes": 9.554055869579315
  },
  "1": {
   "flexiv": {
    "n_test": 27448,
    "rankme_zv": 125.58252219224903,
    "zv_r2_motor": 0.07763990759849548,
    "zv_r2_ee": 0.06920226663351059,
    "raw_r2_motor": 0.2318362593650818,
    "raw_r2_ee": 0.21098235249519348,
    "pca256_r2_motor": 0.21956075727939606,
    "pca256_r2_ee": 0.20494014024734497
   },
   "ur5": {
    "n_test": 12930,
    "rankme_zv": 121.30360235292915,
    "zv_r2_motor": 0.11378423869609833,
    "zv_r2_ee": 0.04152359068393707,
    "raw_r2_motor": 0.3206460177898407,
    "raw_r2_ee": 0.10253579914569855,
    "pca256_r2_motor": 0.32117587327957153,
    "pca256_r2_ee": 0.14359678328037262
   },
   "franka": {
    "n_test": 5970,
    "rankme_zv": 123.21623127981202,
    "zv_r2_motor": -0.3920995593070984,
    "raw_r2_motor": -6.709146499633789,
    "pca256_r2_motor": -0.7499379515647888
   },
   "kuka": {
    "n_test": 10650,
    "rankme_zv": 116.0434728912357,
    "zv_r2_motor": 0.15634679794311523,
    "zv_r2_ee": 0.09745601564645767,
    "raw_r2_motor": 0.39103806018829346,
    "raw_r2_ee": 0.35304340720176697,
    "pca256_r2_motor": 0.3841734230518341,
    "pca256_r2_ee": 0.3529908061027527
   },
   "train_minutes": 9.480957265694936
  },
  "2": {
   "flexiv": {
    "n_test": 27448,
    "rankme_zv": 123.24778854963625,
    "zv_r2_motor": 0.06730812042951584,
    "zv_r2_ee": 0.06194746866822243,
    "raw_r2_motor": 0.2318362593650818,
    "raw_r2_ee": 0.21098235249519348,
    "pca256_r2_motor": 0.21956075727939606,
    "pca256_r2_ee": 0.20494014024734497
   },
   "ur5": {
    "n_test": 12930,
    "rankme_zv": 119.36439337848206,
    "zv_r2_motor": 0.11867848038673401,
    "zv_r2_ee": 0.04185819625854492,
    "raw_r2_motor": 0.3206460177898407,
    "raw_r2_ee": 0.10253579914569855,
    "pca256_r2_motor": 0.32117587327957153,
    "pca256_r2_ee": 0.14359678328037262
   },
   "franka": {
    "n_test": 5970,
    "rankme_zv": 122.03279338124145,
    "zv_r2_motor": -0.6932899951934814,
    "raw_r2_motor": -6.709146499633789,
    "pca256_r2_motor": -0.7499379515647888
   },
   "kuka": {
    "n_test": 10650,
    "rankme_zv": 113.86839261381775,
    "zv_r2_motor": 0.16148561239242554,
    "zv_r2_ee": 0.11138100922107697,
    "raw_r2_motor": 0.39103806018829346,
    "raw_r2_ee": 0.35304340720176697,
    "pca256_r2_motor": 0.3841734230518341,
    "pca256_r2_ee": 0.3529908061027527
   },
   "train_minutes": 9.120440026124319
  },
  "3": {
   "flexiv": {
    "n_test": 27448,
    "rankme_zv": 121.74493353100549,
    "zv_r2_motor": 0.07627813518047333,
    "zv_r2_ee": 0.0657016783952713,
    "raw_r2_motor": 0.2318362593650818,
    "raw_r2_ee": 0.21098235249519348,
    "pca256_r2_motor": 0.21956075727939606,
    "pca256_r2_ee": 0.20494014024734497
   },
   "ur5": {
    "n_test": 12930,
    "rankme_zv": 118.07491659187416,
    "zv_r2_motor": 0.11207596957683563,
    "zv_r2_ee": 0.04006988927721977,
    "raw_r2_motor": 0.3206460177898407,
    "raw_r2_ee": 0.10253579914569855,
    "pca256_r2_motor": 0.32117587327957153,
    "pca256_r2_ee": 0.14359678328037262
   },
   "franka": {
    "n_test": 5970,
    "rankme_zv": 121.20416092375274,
    "zv_r2_motor": -0.4751920700073242,
    "raw_r2_motor": -6.709146499633789,
    "pca256_r2_motor": -0.7499379515647888
   },
   "kuka": {
    "n_test": 10650,
    "rankme_zv": 112.99075019781901,
    "zv_r2_motor": 0.16549977660179138,
    "zv_r2_ee": 0.11149172484874725,
    "raw_r2_motor": 0.39103806018829346,
    "raw_r2_ee": 0.35304340720176697,
    "pca256_r2_motor": 0.3841734230518341,
    "pca256_r2_ee": 0.3529908061027527
   },
   "train_minutes": 8.655791540940603
  },
  "4": {
   "flexiv": {
    "n_test": 27448,
    "rankme_zv": 125.49434311118917,
    "zv_r2_motor": 0.07416044920682907,
    "zv_r2_ee": 0.06604228168725967,
    "raw_r2_motor": 0.2318362593650818,
    "raw_r2_ee": 0.21098235249519348,
    "pca256_r2_motor": 0.21956075727939606,
    "pca256_r2_ee": 0.20494014024734497
   },
   "ur5": {
    "n_test": 12930,
    "rankme_zv": 123.51520624368007,
    "zv_r2_motor": 0.10699132829904556,
    "zv_r2_ee": 0.03546587750315666,
    "raw_r2_motor": 0.3206460177898407,
    "raw_r2_ee": 0.10253579914569855,
    "pca256_r2_motor": 0.32117587327957153,
    "pca256_r2_ee": 0.14359678328037262
   },
   "franka": {
    "n_test": 5970,
    "rankme_zv": 125.65453498549529,
    "zv_r2_motor": -0.38246896862983704,
    "raw_r2_motor": -6.709146499633789,
    "pca256_r2_motor": -0.7499379515647888
   },
   "kuka": {
    "n_test": 10650,
    "rankme_zv": 116.71499217217888,
    "zv_r2_motor": 0.17146922647953033,
    "zv_r2_ee": 0.12266667187213898,
    "raw_r2_motor": 0.39103806018829346,
    "raw_r2_ee": 0.35304340720176697,
    "pca256_r2_motor": 0.3841734230518341,
    "pca256_r2_ee": 0.3529908061027527
   },
   "train_minutes": 7.638676516215006
  }
 }
}