{
 "args": {
  "cache_dir": "/mnt/nas/data/RH20T/caches",
  "train_cfgs": [
   6,
   7
  ],
  "tag": "kuka_vo",
  "out_dir": "/mnt/nas/data/RH20T/checkpoints/phase1_abl",
  "seeds": 5,
  "epochs": 40,
  "batch": 256,
  "d": 256,
  "queries": 8,
  "lr": 0.001,
  "workers": 4,
  "vision_only": true,
  "no_joint_sigreg": false
 },
 "seeds": {
  "0": {
   "flexiv": {
    "n_test": 27448,
    "rankme_zv": 139.23701249610102,
    "zv_r2_motor": 0.08535313606262207,
    "zv_r2_ee": 0.07818244397640228,
    "raw_r2_motor": 0.2318362593650818,
    "raw_r2_ee": 0.21098235249519348,
    "pca256_r2_motor": 0.21956075727939606,
    "pca256_r2_ee": 0.20494014024734497
   },
   "ur5": {
    "n_test": 12930,
    "rankme_zv": 136.29648543806022,
    "zv_r2_motor": 0.1566525399684906,
    "zv_r2_ee": 0.07245273143053055,
    "raw_r2_motor": 0.3206460177898407,
    "raw_r2_ee": 0.10253579914569855,
    "pca256_r2_motor": 0.32117587327957153,
    "pca256_r2_ee": 0.14359678328037262
   },
   "franka": {
    "n_test": 5970,
    "rankme_zv": 131.9354043182269,
    "zv_r2_motor": -0.5841469168663025,
    "raw_r2_motor": -6.709146499633789,
    "pca256_r2_motor": -0.7499379515647888
   },
   "kuka": {
    "n_test": 10650,
    "rankme_zv": 143.0141554371382,
    "zv_r2_motor": 0.23041877150535583,
    "zv_r2_ee": 0.1853235512971878,
    "raw_r2_motor": 0.39103806018829346,
    "raw_r2_ee": 0.35304340720176697,
    "pca256_r2_motor": 0.3841734230518341,
    "pca256_r2_ee": 0.3529908061027527
   },
   "train_minutes": 12.13888876438141
  },
  "1": {
   "flexiv": {
    "n_test": 27448,
    "rankme_zv": 142.1985304527441,
    "zv_r2_motor": 0.09291224181652069,
    "zv_r2_ee": 0.0814732238650322,
    "raw_r2_motor": 0.2318362593650818,
    "raw_r2_ee": 0.21098235249519348,
    "pca256_r2_motor": 0.21956075727939606,
    "pca256_r2_ee": 0.20494014024734497
   },
   "ur5": {
    "n_test": 12930,
    "rankme_zv": 140.13944250731046,
    "zv_r2_motor": 0.17233437299728394,
    "zv_r2_ee": 0.07923165708780289,
    "raw_r2_motor": 0.3206460177898407,
    "raw_r2_ee": 0.10253579914569855,
    "pca256_r2_motor": 0.32117587327957153,
    "pca256_r2_ee": 0.14359678328037262
   },
   "franka": {
    "n_test": 5970,
    "rankme_zv": 135.88841345103828,
    "zv_r2_motor": -0.27700138092041016,
    "raw_r2_motor": -6.709146499633789,
    "pca256_r2_motor": -0.7499379515647888
   },
   "kuka": {
    "n_test": 10650,
    "rankme_zv": 142.8927580861534,
    "zv_r2_motor": 0.2405477911233902,
    "zv_r2_ee": 0.1986311972141266,
    "raw_r2_motor": 0.39103806018829346,
    "raw_r2_ee": 0.35304340720176697,
    "pca256_r2_motor": 0.3841734230518341,
    "pca256_r2_ee": 0.3529908061027527
   },
   "train_minutes": 12.940072123209635
  },
  "2": {
   "flexiv": {
    "n_test": 27448,
    "rankme_zv": 138.51115647933548,
    "zv_r2_motor": 0.09521748870611191,
    "zv_r2_ee": 0.08693767338991165,
    "raw_r2_motor": 0.2318362593650818,
    "raw_r2_ee": 0.21098235249519348,
    "pca256_r2_motor": 0.21956075727939606,
    "pca256_r2_ee": 0.20494014024734497
   },
   "ur5": {
    "n_test": 12930,
    "rankme_zv": 136.01077628022225,
    "zv_r2_motor": 0.15178658068180084,
    "zv_r2_ee": 0.06948539614677429,
    "raw_r2_motor": 0.3206460177898407,
    "raw_r2_ee": 0.10253579914569855,
    "pca256_r2_motor": 0.32117587327957153,
    "pca256_r2_ee": 0.14359678328037262
   },
   "franka": {
    "n_test": 5970,
    "rankme_zv": 130.6222098820826,
    "zv_r2_motor": -0.3119017779827118,
    "raw_r2_motor": -6.709146499633789,
    "pca256_r2_motor": -0.7499379515647888
   },
   "kuka": {
    "n_test": 10650,
    "rankme_zv": 141.54241789669996,
    "zv_r2_motor": 0.23781131207942963,
    "zv_r2_ee": 0.19900162518024445,
    "raw_r2_motor": 0.39103806018829346,
    "raw_r2_ee": 0.35304340720176697,
    "pca256_r2_motor": 0.3841734230518341,
    "pca256_r2_ee": 0.3529908061027527
   },
   "train_minutes": 12.429608694712321
  },
  "3": {
   "flexiv": {
    "n_test": 27448,
    "rankme_zv": 135.66350342129053,
    "zv_r2_motor": 0.08942118287086487,
    "zv_r2_ee": 0.08120818436145782,
    "raw_r2_motor": 0.2318362593650818,
    "raw_r2_ee": 0.21098235249519348,
    "pca256_r2_motor": 0.21956075727939606,
    "pca256_r2_ee": 0.20494014024734497
   },
   "ur5": {
    "n_test": 12930,
    "rankme_zv": 134.36324991161106,
    "zv_r2_motor": 0.14660827815532684,
    "zv_r2_ee": 0.06204444542527199,
    "raw_r2_motor": 0.3206460177898407,
    "raw_r2_ee": 0.10253579914569855,
    "pca256_r2_motor": 0.32117587327957153,
    "pca256_r2_ee": 0.14359678328037262
   },
   "franka": {
    "n_test": 5970,
    "rankme_zv": 130.62241607581456,
    "zv_r2_motor": -0.47605374455451965,
    "raw_r2_motor": -6.709146499633789,
    "pca256_r2_motor": -0.7499379515647888
   },
   "kuka": {
    "n_test": 10650,
    "rankme_zv": 139.46465638631219,
    "zv_r2_motor": 0.2354489266872406,
    "zv_r2_ee": 0.18922050297260284,
    "raw_r2_motor": 0.39103806018829346,
    "raw_r2_ee": 0.35304340720176697,
    "pca256_r2_motor": 0.3841734230518341,
    "pca256_r2_ee": 0.3529908061027527
   },
   "train_minutes": 10.369814852873484
  },
  "4": {
   "flexiv": {
    "n_test": 27448,
    "rankme_zv": 136.68138366392014,
    "zv_r2_motor": 0.09364666789770126,
    "zv_r2_ee": 0.07805905491113663,
    "raw_r2_motor": 0.2318362593650818,
    "raw_r2_ee": 0.21098235249519348,
    "pca256_r2_motor": 0.21956075727939606,
    "pca256_r2_ee": 0.20494014024734497
   },
   "ur5": {
    "n_test": 12930,
    "rankme_zv": 135.87298068578494,
    "zv_r2_motor": 0.1530124545097351,
    "zv_r2_ee": 0.07232821732759476,
    "raw_r2_motor": 0.3206460177898407,
    "raw_r2_ee": 0.10253579914569855,
    "pca256_r2_motor": 0.32117587327957153,
    "pca256_r2_ee": 0.14359678328037262
   },
   "franka": {
    "n_test": 5970,
    "rankme_zv": 131.41641278523832,
    "zv_r2_motor": -0.3517446219921112,
    "raw_r2_motor": -6.709146499633789,
    "pca256_r2_motor": -0.7499379515647888
   },
   "kuka": {
    "n_test": 10650,
    "rankme_zv": 140.4464523018866,
    "zv_r2_motor": 0.2415665239095688,
    "zv_r2_ee": 0.19156353175640106,
    "raw_r2_motor": 0.39103806018829346,
    "raw_r2_ee": 0.35304340720176697,
    "pca256_r2_motor": 0.3841734230518341,
    "pca256_r2_ee": 0.3529908061027527
   },
   "train_minutes": 10.036917499701183
  }
 }
}