{
 "args": {
  "cache_dir": "/mnt/nas/data/RH20T/caches",
  "train_cfgs": [
   3,
   4
  ],
  "tag": "ur5_nojsr",
  "out_dir": "/mnt/nas/data/RH20T/checkpoints/phase1_abl",
  "seeds": 5,
  "epochs": 40,
  "batch": 256,
  "d": 256,
  "queries": 8,
  "lr": 0.001,
  "workers": 4,
  "vision_only": false,
  "no_joint_sigreg": true
 },
 "seeds": {
  "0": {
   "flexiv": {
    "n_test": 27448,
    "rankme_zv": 144.04012244620344,
    "zv_r2_motor": 0.16279108822345734,
    "zv_r2_ee": 0.15446463227272034,
    "raw_r2_motor": 0.2318362593650818,
    "raw_r2_ee": 0.21098235249519348,
    "pca256_r2_motor": 0.21956075727939606,
    "pca256_r2_ee": 0.20494014024734497
   },
   "ur5": {
    "n_test": 12930,
    "rankme_zv": 138.7445195969296,
    "zv_r2_motor": 0.3462628126144409,
    "zv_r2_ee": 0.16585619747638702,
    "raw_r2_motor": 0.3206460177898407,
    "raw_r2_ee": 0.10253579914569855,
    "pca256_r2_motor": 0.32117587327957153,
    "pca256_r2_ee": 0.14359678328037262
   },
   "franka": {
    "n_test": 5970,
    "rankme_zv": 142.048949268226,
    "zv_r2_motor": -0.3429866433143616,
    "raw_r2_motor": -6.709146499633789,
    "pca256_r2_motor": -0.7499379515647888
   },
   "kuka": {
    "n_test": 10650,
    "rankme_zv": 144.41810212042475,
    "zv_r2_motor": 0.2310831993818283,
    "zv_r2_ee": 0.2579749524593353,
    "raw_r2_motor": 0.39103806018829346,
    "raw_r2_ee": 0.35304340720176697,
    "pca256_r2_motor": 0.3841734230518341,
    "pca256_r2_ee": 0.3529908061027527
   },
   "train_minutes": 13.116087313493093
  },
  "1": {
   "flexiv": {
    "n_test": 27448,
    "rankme_zv": 144.82585002705449,
    "zv_r2_motor": 0.1539922058582306,
    "zv_r2_ee": 0.1374434381723404,
    "raw_r2_motor": 0.2318362593650818,
    "raw_r2_ee": 0.21098235249519348,
    "pca256_r2_motor": 0.21956075727939606,
    "pca256_r2_ee": 0.20494014024734497
   },
   "ur5": {
    "n_test": 12930,
    "rankme_zv": 136.81083288127,
    "zv_r2_motor": 0.3513382375240326,
    "zv_r2_ee": 0.16723337769508362,
    "raw_r2_motor": 0.3206460177898407,
    "raw_r2_ee": 0.10253579914569855,
    "pca256_r2_motor": 0.32117587327957153,
    "pca256_r2_ee": 0.14359678328037262
   },
   "franka": {
    "n_test": 5970,
    "rankme_zv": 142.7560046556202,
    "zv_r2_motor": -0.3901294767856598,
    "raw_r2_motor": -6.709146499633789,
    "pca256_r2_motor": -0.7499379515647888
   },
   "kuka": {
    "n_test": 10650,
    "rankme_zv": 143.31393734224812,
    "zv_r2_motor": 0.2471129298210144,
    "zv_r2_ee": 0.2518049478530884,
    "raw_r2_motor": 0.39103806018829346,
    "raw_r2_ee": 0.35304340720176697,
    "pca256_r2_motor": 0.3841734230518341,
    "pca256_r2_ee": 0.3529908061027527
   },
   "train_minutes": 13.052753214041392
  },
  "2": {
   "flexiv": {
    "n_test": 27448,
    "rankme_zv": 147.07374662037012,
    "zv_r2_motor": 0.17679879069328308,
    "zv_r2_ee": 0.15765522420406342,
    "raw_r2_motor": 0.2318362593650818,
    "raw_r2_ee": 0.21098235249519348,
    "pca256_r2_motor": 0.21956075727939606,
    "pca256_r2_ee": 0.20494014024734497
   },
   "ur5": {
    "n_test": 12930,
    "rankme_zv": 142.810648625629,
    "zv_r2_motor": 0.40050968527793884,
    "zv_r2_ee": 0.21332082152366638,
    "raw_r2_motor": 0.3206460177898407,
    "raw_r2_ee": 0.10253579914569855,
    "pca256_r2_motor": 0.32117587327957153,
    "pca256_r2_ee": 0.14359678328037262
   },
   "franka": {
    "n_test": 5970,
    "rankme_zv": 150.1472543547571,
    "zv_r2_motor": -0.5149288773536682,
    "raw_r2_motor": -6.709146499633789,
    "pca256_r2_motor": -0.7499379515647888
   },
   "kuka": {
    "n_test": 10650,
    "rankme_zv": 147.58816600230736,
    "zv_r2_motor": 0.2714115083217621,
    "zv_r2_ee": 0.3032374083995819,
    "raw_r2_motor": 0.39103806018829346,
    "raw_r2_ee": 0.35304340720176697,
    "pca256_r2_motor": 0.3841734230518341,
    "pca256_r2_ee": 0.3529908061027527
   },
   "train_minutes": 13.27836629152298
  },
  "3": {
   "flexiv": {
    "n_test": 27448,
    "rankme_zv": 137.7560353205242,
    "zv_r2_motor": 0.16028612852096558,
    "zv_r2_ee": 0.15344451367855072,
    "raw_r2_motor": 0.2318362593650818,
    "raw_r2_ee": 0.21098235249519348,
    "pca256_r2_motor": 0.21956075727939606,
    "pca256_r2_ee": 0.20494014024734497
   },
   "ur5": {
    "n_test": 12930,
    "rankme_zv": 131.9713396173861,
    "zv_r2_motor": 0.33942142128944397,
    "zv_r2_ee": 0.1698378622531891,
    "raw_r2_motor": 0.3206460177898407,
    "raw_r2_ee": 0.10253579914569855,
    "pca256_r2_motor": 0.32117587327957153,
    "pca256_r2_ee": 0.14359678328037262
   },
   "franka": {
    "n_test": 5970,
    "rankme_zv": 134.11458108611887,
    "zv_r2_motor": -0.2977333962917328,
    "raw_r2_motor": -6.709146499633789,
    "pca256_r2_motor": -0.7499379515647888
   },
   "kuka": {
    "n_test": 10650,
    "rankme_zv": 133.83008704901897,
    "zv_r2_motor": 0.2468453049659729,
    "zv_r2_ee": 0.2704271078109741,
    "raw_r2_motor": 0.39103806018829346,
    "raw_r2_ee": 0.35304340720176697,
    "pca256_r2_motor": 0.3841734230518341,
    "pca256_r2_ee": 0.3529908061027527
   },
   "train_minutes": 13.019124762217205
  },
  "4": {
   "flexiv": {
    "n_test": 27448,
    "rankme_zv": 136.0791601470231,
    "zv_r2_motor": 0.15410706400871277,
    "zv_r2_ee": 0.13628903031349182,
    "raw_r2_motor": 0.2318362593650818,
    "raw_r2_ee": 0.21098235249519348,
    "pca256_r2_motor": 0.21956075727939606,
    "pca256_r2_ee": 0.20494014024734497
   },
   "ur5": {
    "n_test": 12930,
    "rankme_zv": 129.34594227677894,
    "zv_r2_motor": 0.3479194641113281,
    "zv_r2_ee": 0.14967720210552216,
    "raw_r2_motor": 0.3206460177898407,
    "raw_r2_ee": 0.10253579914569855,
    "pca256_r2_motor": 0.32117587327957153,
    "pca256_r2_ee": 0.14359678328037262
   },
   "franka": {
    "n_test": 5970,
    "rankme_zv": 131.32143484476342,
    "zv_r2_motor": -0.3828248679637909,
    "raw_r2_motor": -6.709146499633789,
    "pca256_r2_motor": -0.7499379515647888
   },
   "kuka": {
    "n_test": 10650,
    "rankme_zv": 133.7746559597964,
    "zv_r2_motor": 0.2520253360271454,
    "zv_r2_ee": 0.23678305745124817,
    "raw_r2_motor": 0.39103806018829346,
    "raw_r2_ee": 0.35304340720176697,
    "pca256_r2_motor": 0.3841734230518341,
    "pca256_r2_ee": 0.3529908061027527
   },
   "train_minutes": 13.555977888902028
  }
 }
}