{
 "args": {
  "cache_dir": "/mnt/nas/data/RH20T/caches",
  "train_cfgs": [
   3,
   4
  ],
  "tag": "ur5_d128",
  "out_dir": "/mnt/nas/data/RH20T/checkpoints/phase1_abl",
  "seeds": 5,
  "epochs": 40,
  "batch": 256,
  "d": 128,
  "queries": 8,
  "lr": 0.001,
  "workers": 4,
  "vision_only": false,
  "no_joint_sigreg": false
 },
 "seeds": {
  "0": {
   "flexiv": {
    "n_test": 27448,
    "rankme_zv": 112.14613401631573,
    "zv_r2_motor": 0.11278443783521652,
    "zv_r2_ee": 0.11058353632688522,
    "raw_r2_motor": 0.2318362593650818,
    "raw_r2_ee": 0.21098235249519348,
    "pca256_r2_motor": 0.21956075727939606,
    "pca256_r2_ee": 0.20494014024734497
   },
   "ur5": {
    "n_test": 12930,
    "rankme_zv": 115.47305059915061,
    "zv_r2_motor": 0.3685140907764435,
    "zv_r2_ee": 0.15854282677173615,
    "raw_r2_motor": 0.3206460177898407,
    "raw_r2_ee": 0.10253579914569855,
    "pca256_r2_motor": 0.32117587327957153,
    "pca256_r2_ee": 0.14359678328037262
   },
   "franka": {
    "n_test": 5970,
    "rankme_zv": 108.62570645519376,
    "zv_r2_motor": -0.3082856833934784,
    "raw_r2_motor": -6.709146499633789,
    "pca256_r2_motor": -0.7499379515647888
   },
   "kuka": {
    "n_test": 10650,
    "rankme_zv": 109.56776913060772,
    "zv_r2_motor": 0.21095824241638184,
    "zv_r2_ee": 0.23472006618976593,
    "raw_r2_motor": 0.39103806018829346,
    "raw_r2_ee": 0.35304340720176697,
    "pca256_r2_motor": 0.3841734230518341,
    "pca256_r2_ee": 0.3529908061027527
   },
   "train_minutes": 15.446552046140035
  },
  "1": {
   "flexiv": {
    "n_test": 27448,
    "rankme_zv": 108.69655143431311,
    "zv_r2_motor": 0.10520648211240768,
    "zv_r2_ee": 0.09757401049137115,
    "raw_r2_motor": 0.2318362593650818,
    "raw_r2_ee": 0.21098235249519348,
    "pca256_r2_motor": 0.21956075727939606,
    "pca256_r2_ee": 0.20494014024734497
   },
   "ur5": {
    "n_test": 12930,
    "rankme_zv": 112.74879676455753,
    "zv_r2_motor": 0.3585033118724823,
    "zv_r2_ee": 0.14527635276317596,
    "raw_r2_motor": 0.3206460177898407,
    "raw_r2_ee": 0.10253579914569855,
    "pca256_r2_motor": 0.32117587327957153,
    "pca256_r2_ee": 0.14359678328037262
   },
   "franka": {
    "n_test": 5970,
    "rankme_zv": 105.14561763186589,
    "zv_r2_motor": -0.11706235259771347,
    "raw_r2_motor": -6.709146499633789,
    "pca256_r2_motor": -0.7499379515647888
   },
   "kuka": {
    "n_test": 10650,
    "rankme_zv": 108.0335486380714,
    "zv_r2_motor": 0.18631239235401154,
    "zv_r2_ee": 0.21491485834121704,
    "raw_r2_motor": 0.39103806018829346,
    "raw_r2_ee": 0.35304340720176697,
    "pca256_r2_motor": 0.3841734230518341,
    "pca256_r2_ee": 0.3529908061027527
   },
   "train_minutes": 15.176902079582215
  },
  "2": {
   "flexiv": {
    "n_test": 27448,
    "rankme_zv": 113.76205844406945,
    "zv_r2_motor": 0.10729093849658966,
    "zv_r2_ee": 0.10569477081298828,
    "raw_r2_motor": 0.2318362593650818,
    "raw_r2_ee": 0.21098235249519348,
    "pca256_r2_motor": 0.21956075727939606,
    "pca256_r2_ee": 0.20494014024734497
   },
   "ur5": {
    "n_test": 12930,
    "rankme_zv": 115.74989307172768,
    "zv_r2_motor": 0.339901864528656,
    "zv_r2_ee": 0.13863150775432587,
    "raw_r2_motor": 0.3206460177898407,
    "raw_r2_ee": 0.10253579914569855,
    "pca256_r2_motor": 0.32117587327957153,
    "pca256_r2_ee": 0.14359678328037262
   },
   "franka": {
    "n_test": 5970,
    "rankme_zv": 108.61741539840952,
    "zv_r2_motor": -0.11338889598846436,
    "raw_r2_motor": -6.709146499633789,
    "pca256_r2_motor": -0.7499379515647888
   },
   "kuka": {
    "n_test": 10650,
    "rankme_zv": 111.47994318635308,
    "zv_r2_motor": 0.197175070643425,
    "zv_r2_ee": 0.2058205008506775,
    "raw_r2_motor": 0.39103806018829346,
    "raw_r2_ee": 0.35304340720176697,
    "pca256_r2_motor": 0.3841734230518341,
    "pca256_r2_ee": 0.3529908061027527
   },
   "train_minutes": 13.983840016523997
  },
  "3": {
   "flexiv": {
    "n_test": 27448,
    "rankme_zv": 110.18103130419057,
    "zv_r2_motor": 0.08989652991294861,
    "zv_r2_ee": 0.0870729461312294,
    "raw_r2_motor": 0.2318362593650818,
    "raw_r2_ee": 0.21098235249519348,
    "pca256_r2_motor": 0.21956075727939606,
    "pca256_r2_ee": 0.20494014024734497
   },
   "ur5": {
    "n_test": 12930,
    "rankme_zv": 113.56669064715418,
    "zv_r2_motor": 0.3386945426464081,
    "zv_r2_ee": 0.12204425781965256,
    "raw_r2_motor": 0.3206460177898407,
    "raw_r2_ee": 0.10253579914569855,
    "pca256_r2_motor": 0.32117587327957153,
    "pca256_r2_ee": 0.14359678328037262
   },
   "franka": {
    "n_test": 5970,
    "rankme_zv": 107.20142927286892,
    "zv_r2_motor": -0.15464387834072113,
    "raw_r2_motor": -6.709146499633789,
    "pca256_r2_motor": -0.7499379515647888
   },
   "kuka": {
    "n_test": 10650,
    "rankme_zv": 108.69898099173027,
    "zv_r2_motor": 0.18741892278194427,
    "zv_r2_ee": 0.2070869505405426,
    "raw_r2_motor": 0.39103806018829346,
    "raw_r2_ee": 0.35304340720176697,
    "pca256_r2_motor": 0.3841734230518341,
    "pca256_r2_ee": 0.3529908061027527
   },
   "train_minutes": 12.480777045090994
  },
  "4": {
   "flexiv": {
    "n_test": 27448,
    "rankme_zv": 109.50726730874212,
    "zv_r2_motor": 0.0976271703839302,
    "zv_r2_ee": 0.0902118980884552,
    "raw_r2_motor": 0.2318362593650818,
    "raw_r2_ee": 0.21098235249519348,
    "pca256_r2_motor": 0.21956075727939606,
    "pca256_r2_ee": 0.20494014024734497
   },
   "ur5": {
    "n_test": 12930,
    "rankme_zv": 114.82074747881875,
    "zv_r2_motor": 0.3765573501586914,
    "zv_r2_ee": 0.1702718436717987,
    "raw_r2_motor": 0.3206460177898407,
    "raw_r2_ee": 0.10253579914569855,
    "pca256_r2_motor": 0.32117587327957153,
    "pca256_r2_ee": 0.14359678328037262
   },
   "franka": {
    "n_test": 5970,
    "rankme_zv": 105.50030437731675,
    "zv_r2_motor": -0.27422723174095154,
    "raw_r2_motor": -6.709146499633789,
    "pca256_r2_motor": -0.7499379515647888
   },
   "kuka": {
    "n_test": 10650,
    "rankme_zv": 109.96169528842974,
    "zv_r2_motor": 0.201968252658844,
    "zv_r2_ee": 0.20711170136928558,
    "raw_r2_motor": 0.39103806018829346,
    "raw_r2_ee": 0.35304340720176697,
    "pca256_r2_motor": 0.3841734230518341,
    "pca256_r2_ee": 0.3529908061027527
   },
   "train_minutes": 12.412358498573303
  }
 }
}