{
 "args": {
  "cache_dir": "/mnt/nas/data/RH20T/caches",
  "train_cfgs": [
   3,
   4
  ],
  "tag": "ur5_vo",
  "out_dir": "/mnt/nas/data/RH20T/checkpoints/phase1_abl",
  "seeds": 5,
  "epochs": 40,
  "batch": 256,
  "d": 256,
  "queries": 8,
  "lr": 0.001,
  "workers": 4,
  "vision_only": true,
  "no_joint_sigreg": false
 },
 "seeds": {
  "0": {
   "flexiv": {
    "n_test": 27448,
    "rankme_zv": 159.74668319785042,
    "zv_r2_motor": 0.10412237048149109,
    "zv_r2_ee": 0.09255912899971008,
    "raw_r2_motor": 0.2318362593650818,
    "raw_r2_ee": 0.21098235249519348,
    "pca256_r2_motor": 0.21956075727939606,
    "pca256_r2_ee": 0.20494014024734497
   },
   "ur5": {
    "n_test": 12930,
    "rankme_zv": 161.99233059692443,
    "zv_r2_motor": 0.19598403573036194,
    "zv_r2_ee": 0.08732710033655167,
    "raw_r2_motor": 0.3206460177898407,
    "raw_r2_ee": 0.10253579914569855,
    "pca256_r2_motor": 0.32117587327957153,
    "pca256_r2_ee": 0.14359678328037262
   },
   "franka": {
    "n_test": 5970,
    "rankme_zv": 153.71011228944798,
    "zv_r2_motor": -0.5146891474723816,
    "raw_r2_motor": -6.709146499633789,
    "pca256_r2_motor": -0.7499379515647888
   },
   "kuka": {
    "n_test": 10650,
    "rankme_zv": 154.43886190340473,
    "zv_r2_motor": 0.20377440750598907,
    "zv_r2_ee": 0.17712920904159546,
    "raw_r2_motor": 0.39103806018829346,
    "raw_r2_ee": 0.35304340720176697,
    "pca256_r2_motor": 0.3841734230518341,
    "pca256_r2_ee": 0.3529908061027527
   },
   "train_minutes": 14.677244476477306
  },
  "1": {
   "flexiv": {
    "n_test": 27448,
    "rankme_zv": 151.74581223381327,
    "zv_r2_motor": 0.11487624794244766,
    "zv_r2_ee": 0.10224764794111252,
    "raw_r2_motor": 0.2318362593650818,
    "raw_r2_ee": 0.21098235249519348,
    "pca256_r2_motor": 0.21956075727939606,
    "pca256_r2_ee": 0.20494014024734497
   },
   "ur5": {
    "n_test": 12930,
    "rankme_zv": 155.87732861903325,
    "zv_r2_motor": 0.2121739238500595,
    "zv_r2_ee": 0.08458337187767029,
    "raw_r2_motor": 0.3206460177898407,
    "raw_r2_ee": 0.10253579914569855,
    "pca256_r2_motor": 0.32117587327957153,
    "pca256_r2_ee": 0.14359678328037262
   },
   "franka": {
    "n_test": 5970,
    "rankme_zv": 145.821794774298,
    "zv_r2_motor": -0.5055557489395142,
    "raw_r2_motor": -6.709146499633789,
    "pca256_r2_motor": -0.7499379515647888
   },
   "kuka": {
    "n_test": 10650,
    "rankme_zv": 147.38459866659494,
    "zv_r2_motor": 0.20786920189857483,
    "zv_r2_ee": 0.15562032163143158,
    "raw_r2_motor": 0.39103806018829346,
    "raw_r2_ee": 0.35304340720176697,
    "pca256_r2_motor": 0.3841734230518341,
    "pca256_r2_ee": 0.3529908061027527
   },
   "train_minutes": 14.362620906035106
  },
  "2": {
   "flexiv": {
    "n_test": 27448,
    "rankme_zv": 158.4485933936533,
    "zv_r2_motor": 0.09801787883043289,
    "zv_r2_ee": 0.08387425541877747,
    "raw_r2_motor": 0.2318362593650818,
    "raw_r2_ee": 0.21098235249519348,
    "pca256_r2_motor": 0.21956075727939606,
    "pca256_r2_ee": 0.20494014024734497
   },
   "ur5": {
    "n_test": 12930,
    "rankme_zv": 161.4006204413476,
    "zv_r2_motor": 0.20403216779232025,
    "zv_r2_ee": 0.07930769771337509,
    "raw_r2_motor": 0.3206460177898407,
    "raw_r2_ee": 0.10253579914569855,
    "pca256_r2_motor": 0.32117587327957153,
    "pca256_r2_ee": 0.14359678328037262
   },
   "franka": {
    "n_test": 5970,
    "rankme_zv": 150.78876756280152,
    "zv_r2_motor": -0.4519343376159668,
    "raw_r2_motor": -6.709146499633789,
    "pca256_r2_motor": -0.7499379515647888
   },
   "kuka": {
    "n_test": 10650,
    "rankme_zv": 154.97618510877118,
    "zv_r2_motor": 0.19797801971435547,
    "zv_r2_ee": 0.16293056309223175,
    "raw_r2_motor": 0.39103806018829346,
    "raw_r2_ee": 0.35304340720176697,
    "pca256_r2_motor": 0.3841734230518341,
    "pca256_r2_ee": 0.3529908061027527
   },
   "train_minutes": 13.478210051854452
  },
  "3": {
   "flexiv": {
    "n_test": 27448,
    "rankme_zv": 156.50294300969622,
    "zv_r2_motor": 0.1101275384426117,
    "zv_r2_ee": 0.09878336638212204,
    "raw_r2_motor": 0.2318362593650818,
    "raw_r2_ee": 0.21098235249519348,
    "pca256_r2_motor": 0.21956075727939606,
    "pca256_r2_ee": 0.20494014024734497
   },
   "ur5": {
    "n_test": 12930,
    "rankme_zv": 159.0643632984244,
    "zv_r2_motor": 0.21088658273220062,
    "zv_r2_ee": 0.08582760393619537,
    "raw_r2_motor": 0.3206460177898407,
    "raw_r2_ee": 0.10253579914569855,
    "pca256_r2_motor": 0.32117587327957153,
    "pca256_r2_ee": 0.14359678328037262
   },
   "franka": {
    "n_test": 5970,
    "rankme_zv": 148.8005583564474,
    "zv_r2_motor": -0.3205552101135254,
    "raw_r2_motor": -6.709146499633789,
    "pca256_r2_motor": -0.7499379515647888
   },
   "kuka": {
    "n_test": 10650,
    "rankme_zv": 153.52573251036787,
    "zv_r2_motor": 0.19495825469493866,
    "zv_r2_ee": 0.1614023894071579,
    "raw_r2_motor": 0.39103806018829346,
    "raw_r2_ee": 0.35304340720176697,
    "pca256_r2_motor": 0.3841734230518341,
    "pca256_r2_ee": 0.3529908061027527
   },
   "train_minutes": 11.619771075248718
  },
  "4": {
   "flexiv": {
    "n_test": 27448,
    "rankme_zv": 153.20237223169084,
    "zv_r2_motor": 0.10522802174091339,
    "zv_r2_ee": 0.09440455585718155,
    "raw_r2_motor": 0.2318362593650818,
    "raw_r2_ee": 0.21098235249519348,
    "pca256_r2_motor": 0.21956075727939606,
    "pca256_r2_ee": 0.20494014024734497
   },
   "ur5": {
    "n_test": 12930,
    "rankme_zv": 156.12730848398178,
    "zv_r2_motor": 0.20260293781757355,
    "zv_r2_ee": 0.07624103128910065,
    "raw_r2_motor": 0.3206460177898407,
    "raw_r2_ee": 0.10253579914569855,
    "pca256_r2_motor": 0.32117587327957153,
    "pca256_r2_ee": 0.14359678328037262
   },
   "franka": {
    "n_test": 5970,
    "rankme_zv": 144.14677351740661,
    "zv_r2_motor": -0.32070979475975037,
    "raw_r2_motor": -6.709146499633789,
    "pca256_r2_motor": -0.7499379515647888
   },
   "kuka": {
    "n_test": 10650,
    "rankme_zv": 148.5304880614218,
    "zv_r2_motor": 0.21114487946033478,
    "zv_r2_ee": 0.17706912755966187,
    "raw_r2_motor": 0.39103806018829346,
    "raw_r2_ee": 0.35304340720176697,
    "pca256_r2_motor": 0.3841734230518341,
    "pca256_r2_ee": 0.3529908061027527
   },
   "train_minutes": 11.69768455028534
  }
 }
}