{
 "args": {
  "cache_dir": "/mnt/nas/data/RH20T/caches",
  "train_cfgs": [
   3,
   4
  ],
  "tag": "ur5_d512",
  "out_dir": "/mnt/nas/data/RH20T/checkpoints/phase1_abl",
  "seeds": 5,
  "epochs": 40,
  "batch": 256,
  "d": 512,
  "queries": 8,
  "lr": 0.001,
  "workers": 4,
  "vision_only": false,
  "no_joint_sigreg": false
 },
 "seeds": {
  "0": {
   "flexiv": {
    "n_test": 27448,
    "rankme_zv": 46.44694582534919,
    "zv_r2_motor": 0.14504584670066833,
    "zv_r2_ee": 0.11466358602046967,
    "raw_r2_motor": 0.2318362593650818,
    "raw_r2_ee": 0.21098235249519348,
    "pca256_r2_motor": 0.21956075727939606,
    "pca256_r2_ee": 0.20494014024734497
   },
   "ur5": {
    "n_test": 12930,
    "rankme_zv": 41.89938860812133,
    "zv_r2_motor": 0.2614600956439972,
    "zv_r2_ee": 0.1407204270362854,
    "raw_r2_motor": 0.3206460177898407,
    "raw_r2_ee": 0.10253579914569855,
    "pca256_r2_motor": 0.32117587327957153,
    "pca256_r2_ee": 0.14359678328037262
   },
   "franka": {
    "n_test": 5970,
    "rankme_zv": 45.48434861755316,
    "zv_r2_motor": -0.2567442059516907,
    "raw_r2_motor": -6.709146499633789,
    "pca256_r2_motor": -0.7499379515647888
   },
   "kuka": {
    "n_test": 10650,
    "rankme_zv": 44.194758578737584,
    "zv_r2_motor": 0.2299034744501114,
    "zv_r2_ee": 0.22661104798316956,
    "raw_r2_motor": 0.39103806018829346,
    "raw_r2_ee": 0.35304340720176697,
    "pca256_r2_motor": 0.3841734230518341,
    "pca256_r2_ee": 0.3529908061027527
   },
   "train_minutes": 20.137267661094665
  },
  "1": {
   "flexiv": {
    "n_test": 27448,
    "rankme_zv": 27.812062142299652,
    "zv_r2_motor": 0.12110330909490585,
    "zv_r2_ee": 0.0996369868516922,
    "raw_r2_motor": 0.2318362593650818,
    "raw_r2_ee": 0.21098235249519348,
    "pca256_r2_motor": 0.21956075727939606,
    "pca256_r2_ee": 0.20494014024734497
   },
   "ur5": {
    "n_test": 12930,
    "rankme_zv": 27.72910885665839,
    "zv_r2_motor": 0.2111496776342392,
    "zv_r2_ee": 0.10269282758235931,
    "raw_r2_motor": 0.3206460177898407,
    "raw_r2_ee": 0.10253579914569855,
    "pca256_r2_motor": 0.32117587327957153,
    "pca256_r2_ee": 0.14359678328037262
   },
   "franka": {
    "n_test": 5970,
    "rankme_zv": 25.292999859855044,
    "zv_r2_motor": -0.061242397874593735,
    "raw_r2_motor": -6.709146499633789,
    "pca256_r2_motor": -0.7499379515647888
   },
   "kuka": {
    "n_test": 10650,
    "rankme_zv": 31.969019278318644,
    "zv_r2_motor": 0.1807064414024353,
    "zv_r2_ee": 0.1558559536933899,
    "raw_r2_motor": 0.39103806018829346,
    "raw_r2_ee": 0.35304340720176697,
    "pca256_r2_motor": 0.3841734230518341,
    "pca256_r2_ee": 0.3529908061027527
   },
   "train_minutes": 20.16250904003779
  },
  "2": {
   "flexiv": {
    "n_test": 27448,
    "rankme_zv": 27.144373270011364,
    "zv_r2_motor": 0.11554605513811111,
    "zv_r2_ee": 0.09901133179664612,
    "raw_r2_motor": 0.2318362593650818,
    "raw_r2_ee": 0.21098235249519348,
    "pca256_r2_motor": 0.21956075727939606,
    "pca256_r2_ee": 0.20494014024734497
   },
   "ur5": {
    "n_test": 12930,
    "rankme_zv": 28.332784096570286,
    "zv_r2_motor": 0.22475998103618622,
    "zv_r2_ee": 0.10731606185436249,
    "raw_r2_motor": 0.3206460177898407,
    "raw_r2_ee": 0.10253579914569855,
    "pca256_r2_motor": 0.32117587327957153,
    "pca256_r2_ee": 0.14359678328037262
   },
   "franka": {
    "n_test": 5970,
    "rankme_zv": 28.039763562487224,
    "zv_r2_motor": -0.16958969831466675,
    "raw_r2_motor": -6.709146499633789,
    "pca256_r2_motor": -0.7499379515647888
   },
   "kuka": {
    "n_test": 10650,
    "rankme_zv": 25.570453641633158,
    "zv_r2_motor": 0.20377308130264282,
    "zv_r2_ee": 0.16117072105407715,
    "raw_r2_motor": 0.39103806018829346,
    "raw_r2_ee": 0.35304340720176697,
    "pca256_r2_motor": 0.3841734230518341,
    "pca256_r2_ee": 0.3529908061027527
   },
   "train_minutes": 20.02659883101781
  },
  "3": {
   "flexiv": {
    "n_test": 27448,
    "rankme_zv": 262.8163573098309,
    "zv_r2_motor": 0.14412082731723785,
    "zv_r2_ee": 0.12200791388750076,
    "raw_r2_motor": 0.2318362593650818,
    "raw_r2_ee": 0.21098235249519348,
    "pca256_r2_motor": 0.21956075727939606,
    "pca256_r2_ee": 0.20494014024734497
   },
   "ur5": {
    "n_test": 12930,
    "rankme_zv": 253.2863900842101,
    "zv_r2_motor": 0.2799725830554962,
    "zv_r2_ee": 0.12617361545562744,
    "raw_r2_motor": 0.3206460177898407,
    "raw_r2_ee": 0.10253579914569855,
    "pca256_r2_motor": 0.32117587327957153,
    "pca256_r2_ee": 0.14359678328037262
   },
   "franka": {
    "n_test": 5970,
    "rankme_zv": 262.3714104602597,
    "zv_r2_motor": -0.8855146169662476,
    "raw_r2_motor": -6.709146499633789,
    "pca256_r2_motor": -0.7499379515647888
   },
   "kuka": {
    "n_test": 10650,
    "rankme_zv": 262.7997242396873,
    "zv_r2_motor": 0.2567940950393677,
    "zv_r2_ee": 0.22196286916732788,
    "raw_r2_motor": 0.39103806018829346,
    "raw_r2_ee": 0.35304340720176697,
    "pca256_r2_motor": 0.3841734230518341,
    "pca256_r2_ee": 0.3529908061027527
   },
   "train_minutes": 19.723065733909607
  },
  "4": {
   "flexiv": {
    "n_test": 27448,
    "rankme_zv": 275.2437607136686,
    "zv_r2_motor": 0.12925618886947632,
    "zv_r2_ee": 0.1153666079044342,
    "raw_r2_motor": 0.2318362593650818,
    "raw_r2_ee": 0.21098235249519348,
    "pca256_r2_motor": 0.21956075727939606,
    "pca256_r2_ee": 0.20494014024734497
   },
   "ur5": {
    "n_test": 12930,
    "rankme_zv": 263.6108977722214,
    "zv_r2_motor": 0.29808953404426575,
    "zv_r2_ee": 0.1316123902797699,
    "raw_r2_motor": 0.3206460177898407,
    "raw_r2_ee": 0.10253579914569855,
    "pca256_r2_motor": 0.32117587327957153,
    "pca256_r2_ee": 0.14359678328037262
   },
   "franka": {
    "n_test": 5970,
    "rankme_zv": 268.9729372878624,
    "zv_r2_motor": -0.7912281155586243,
    "raw_r2_motor": -6.709146499633789,
    "pca256_r2_motor": -0.7499379515647888
   },
   "kuka": {
    "n_test": 10650,
    "rankme_zv": 271.6207728967968,
    "zv_r2_motor": 0.23579788208007812,
    "zv_r2_ee": 0.18957151472568512,
    "raw_r2_motor": 0.39103806018829346,
    "raw_r2_ee": 0.35304340720176697,
    "pca256_r2_motor": 0.3841734230518341,
    "pca256_r2_ee": 0.3529908061027527
   },
   "train_minutes": 19.55110700527827
  }
 }
}