{
 "flexiv": {
  "fused": {
   "force": {
    "mean": 0.0492331899702549,
    "std": 0.00876665466008867,
    "seeds": [
     0.05908088758587837,
     0.05958378314971924,
     0.037153929471969604,
     0.044370125979185104,
     0.04597722366452217
    ]
   },
   "pose": {
    "mean": 0.41330727338790896,
    "std": 0.046541236102919124,
    "seeds": [
     0.46606117486953735,
     0.46993309259414673,
     0.38520780205726624,
     0.35332605242729187,
     0.3920082449913025
    ]
   },
   "ee": {
    "mean": 0.2676776468753815,
    "std": 0.031072021728542187,
    "seeds": [
     0.30326905846595764,
     0.3057933449745178,
     0.24598629772663116,
     0.22974367439746857,
     0.25359585881233215
    ]
   },
   "force_resid": {
    "mean": 0.008315755799412728,
    "std": 0.0033900856434456606,
    "seeds": [
     0.010875423438847065,
     0.012597878463566303,
     0.002734065055847168,
     0.00824505090713501,
     0.007126361131668091
    ]
   }
  },
  "vo": {
   "force": {
    "mean": 0.009610680676996709,
    "std": 0.0010203598047475281,
    "seeds": [
     0.010513116605579853,
     0.010297914035618305,
     0.010401199571788311,
     0.00890091061592102,
     0.00794026255607605
    ]
   },
   "pose": {
    "mean": 0.19637268483638765,
    "std": 0.003512229457629429,
    "seeds": [
     0.19520071148872375,
     0.19571582973003387,
     0.2008814513683319,
     0.19927263259887695,
     0.19079279899597168
    ]
   },
   "ee": {
    "mean": 0.12166787981987,
    "std": 0.00234562336458359,
    "seeds": [
     0.12132567912340164,
     0.12154865264892578,
     0.12468935549259186,
     0.12312392890453339,
     0.11765178292989731
    ]
   },
   "force_resid": {
    "mean": -0.0006160954246297479,
    "std": 0.001718547222165032,
    "seeds": [
     -0.0006815095548518002,
     0.0007408360834233463,
     0.0018204748630523682,
     -0.002612968208268285,
     -0.0023473103065043688
    ]
   }
  },
  "raw": {
   "force": {
    "mean": -0.004537403583526611,
    "std": 0.0,
    "seeds": [
     -0.004537403583526611,
     -0.004537403583526611,
     -0.004537403583526611,
     -0.004537403583526611,
     -0.004537403583526611
    ]
   },
   "pose": {
    "mean": 0.3546621799468994,
    "std": 0.0,
    "seeds": [
     0.3546621799468994,
     0.3546621799468994,
     0.3546621799468994,
     0.3546621799468994,
     0.3546621799468994
    ]
   },
   "ee": {
    "mean": 0.21098235249519348,
    "std": 0.0,
    "seeds": [
     0.21098235249519348,
     0.21098235249519348,
     0.21098235249519348,
     0.21098235249519348,
     0.21098235249519348
    ]
   },
   "force_resid": {
    "mean": -0.026198169216513634,
    "std": 0.0,
    "seeds": [
     -0.026198169216513634,
     -0.026198169216513634,
     -0.026198169216513634,
     -0.026198169216513634,
     -0.026198169216513634
    ]
   }
  },
  "sig_force_fused_vs_raw": {
   "delta": 0.05377059355378151,
   "t": 12.267072364234695,
   "p": 0.000253622718517525
  },
  "sig_force_fused_vs_vo": {
   "delta": 0.03962250929325819,
   "t": 9.354807017888106,
   "p": 0.0007271619710141977
  }
 },
 "ur5": {
  "fused": {
   "force": {
    "mean": -0.0005226075649261474,
    "std": 0.007886951606560524,
    "seeds": [
     -0.005844046827405691,
     0.0028165082912892103,
     -0.012669245712459087,
     0.010020236484706402,
     0.003063509939238429
    ]
   },
   "pose": {
    "mean": 0.3111822485923767,
    "std": 0.013907941232271591,
    "seeds": [
     0.3114774525165558,
     0.3350493013858795,
     0.29959940910339355,
     0.2952970266342163,
     0.3144880533218384
    ]
   },
   "ee": {
    "mean": 0.18650031387805938,
    "std": 0.009254978512172217,
    "seeds": [
     0.18454885482788086,
     0.202156201004982,
     0.17469194531440735,
     0.18118633329868317,
     0.18991823494434357
    ]
   },
   "force_resid": {
    "mean": -0.025052638724446297,
    "std": 0.007223184515494971,
    "seeds": [
     -0.02899911068379879,
     -0.0237934198230505,
     -0.03477724269032478,
     -0.012841850519180298,
     -0.024851569905877113
    ]
   }
  },
  "vo": {
   "force": {
    "mean": -0.019048641063272954,
    "std": 0.003216973122577753,
    "seeds": [
     -0.012975822202861309,
     -0.020425328984856606,
     -0.022272596135735512,
     -0.01892082951962948,
     -0.02064862847328186
    ]
   },
   "pose": {
    "mean": 0.1547484964132309,
    "std": 0.004144726734896006,
    "seeds": [
     0.14875881373882294,
     0.15193992853164673,
     0.1549723744392395,
     0.1606665402650833,
     0.157404825091362
    ]
   },
   "ee": {
    "mean": 0.08522964715957641,
    "std": 0.0020772089619285473,
    "seeds": [
     0.08406496047973633,
     0.08299382030963898,
     0.08407438546419144,
     0.08883161842823029,
     0.08618345111608505
    ]
   },
   "force_resid": {
    "mean": -0.029205337911844254,
    "std": 0.0037829306257531584,
    "seeds": [
     -0.023066779598593712,
     -0.032717108726501465,
     -0.030029296875,
     -0.027005592361092567,
     -0.033207911998033524
    ]
   }
  },
  "raw": {
   "force": {
    "mean": -0.11465833336114883,
    "std": 0.0,
    "seeds": [
     -0.11465833336114883,
     -0.11465833336114883,
     -0.11465833336114883,
     -0.11465833336114883,
     -0.11465833336114883
    ]
   },
   "pose": {
    "mean": 0.2473318874835968,
    "std": 0.0,
    "seeds": [
     0.2473318874835968,
     0.2473318874835968,
     0.2473318874835968,
     0.2473318874835968,
     0.2473318874835968
    ]
   },
   "ee": {
    "mean": 0.10253579914569855,
    "std": 0.0,
    "seeds": [
     0.10253579914569855,
     0.10253579914569855,
     0.10253579914569855,
     0.10253579914569855,
     0.10253579914569855
    ]
   },
   "force_resid": {
    "mean": -0.13802100718021393,
    "std": 0.0,
    "seeds": [
     -0.13802100718021393,
     -0.13802100718021393,
     -0.13802100718021393,
     -0.13802100718021393,
     -0.13802100718021393
    ]
   }
  },
  "sig_force_fused_vs_raw": {
   "delta": 0.11413572579622269,
   "t": 28.94292535059612,
   "p": 8.482681515198287e-06
  },
  "sig_force_fused_vs_vo": {
   "delta": 0.018526033498346806,
   "t": 4.324484704956812,
   "p": 0.012403479334504187
  }
 },
 "kuka": {
  "fused": {
   "force": {
    "mean": 0.1867045372724533,
    "std": 0.020630630187180837,
    "seeds": [
     0.22082416713237762,
     0.19815410673618317,
     0.1668870896100998,
     0.18119633197784424,
     0.16646099090576172
    ]
   },
   "pose": {
    "mean": 0.529818457365036,
    "std": 0.0454486433302711,
    "seeds": [
     0.5932264924049377,
     0.5752732157707214,
     0.4923733174800873,
     0.506126344203949,
     0.4820929169654846
    ]
   },
   "ee": {
    "mean": 0.3925728857517242,
    "std": 0.035296984832895235,
    "seeds": [
     0.44426554441452026,
     0.42442557215690613,
     0.3621788024902344,
     0.3761543333530426,
     0.35584017634391785
    ]
   },
   "force_resid": {
    "mean": 0.006807726668193936,
    "std": 0.005370312637189185,
    "seeds": [
     0.016299188137054443,
     0.0062439641915261745,
     0.0018558999290689826,
     0.008088678121566772,
     0.0015509029617533088
    ]
   }
  },
  "vo": {
   "force": {
    "mean": 0.06737751588225364,
    "std": 0.00600530965277825,
    "seeds": [
     0.07124755531549454,
     0.06139736250042915,
     0.07731765508651733,
     0.0632193312048912,
     0.063705675303936
    ]
   },
   "pose": {
    "mean": 0.3223094165325165,
    "std": 0.010981014131720675,
    "seeds": [
     0.3316151797771454,
     0.32182440161705017,
     0.3368641138076782,
     0.30668240785598755,
     0.31456097960472107
    ]
   },
   "ee": {
    "mean": 0.22033663988113403,
    "std": 0.00870482792151272,
    "seeds": [
     0.2274681031703949,
     0.2176535576581955,
     0.2330455332994461,
     0.20929716527462006,
     0.2142188400030136
    ]
   },
   "force_resid": {
    "mean": -0.011305193044245243,
    "std": 0.0020349045673931274,