{
 "rankme_v1": 51.27405674599281,
 "rankme_v0": 133.9834301234352,
 "P3_dq_v1": -0.023018743842840195,
 "P3_dq_v0": 0.03706914186477661,
 "P3_dFdt_v1": -0.033776264637708664,
 "P3_dFdt_v0": -0.057792723178863525,
 "P4_f1_v1": 0.09953564405441284,
 "P4_f1_v0": 0.17107664048671722,
 "P4_f1_naive": 0.11223230510950089,
 "P4_f2_v1": 0.07442489266395569,
 "P4_f2_v0": 0.11147750169038773,
 "P4_f2_naive": -0.09540554136037827,
 "P4_f3_v1": 0.046783447265625,
 "P4_f3_v0": 0.05842091515660286,
 "P4_f3_naive": -0.16381476819515228
}