{
 "args": {
  "cache_dir": "/mnt/nas/data/RH20T/caches",
  "train_cfgs": [
   1,
   2,
   3,
   4,
   5,
   6,
   7
  ],
  "tag": "all",
  "out_dir": "/mnt/nas/data/RH20T/checkpoints/phase1",
  "seeds": 5,
  "epochs": 40,
  "batch": 256,
  "d": 256,
  "queries": 8,
  "lr": 0.001,
  "workers": 4
 },
 "seeds": {
  "0": {
   "flexiv": {
    "n_test": 27448,
    "rankme_zv": 189.79886265097363,
    "zv_r2_motor": 0.2687726318836212,
    "zv_r2_ee": 0.30326905846595764,
    "raw_r2_motor": 0.2318362593650818,
    "raw_r2_ee": 0.21098235249519348,
    "pca256_r2_motor": 0.21956075727939606,
    "pca256_r2_ee": 0.20494014024734497
   },
   "ur5": {
    "n_test": 12930,
    "rankme_zv": 191.52050209955502,
    "zv_r2_motor": 0.33522865176200867,
    "zv_r2_ee": 0.18454885482788086,
    "raw_r2_motor": 0.3206460177898407,
    "raw_r2_ee": 0.10253579914569855,
    "pca256_r2_motor": 0.32117587327957153,
    "pca256_r2_ee": 0.14359678328037262
   },
   "franka": {
    "n_test": 5970,
    "rankme_zv": 193.22838740376352,
    "zv_r2_motor": -0.3139800727367401,
    "raw_r2_motor": -6.709146499633789,
    "pca256_r2_motor": -0.7499379515647888
   },
   "kuka": {
    "n_test": 10650,
    "rankme_zv": 173.549664839368,
    "zv_r2_motor": 0.35590848326683044,
    "zv_r2_ee": 0.44426554441452026,
    "raw_r2_motor": 0.39103806018829346,
    "raw_r2_ee": 0.35304340720176697,
    "pca256_r2_motor": 0.3841734230518341,
    "pca256_r2_ee": 0.3529908061027527
   },
   "train_minutes": 52.1884858528773
  },
  "1": {
   "flexiv": {
    "n_test": 27448,
    "rankme_zv": 185.74735911832929,
    "zv_r2_motor": 0.28394395112991333,
    "zv_r2_ee": 0.3057933449745178,
    "raw_r2_motor": 0.2318362593650818,
    "raw_r2_ee": 0.21098235249519348,
    "pca256_r2_motor": 0.21956075727939606,
    "pca256_r2_ee": 0.20494014024734497
   },
   "ur5": {
    "n_test": 12930,
    "rankme_zv": 181.83188328134975,
    "zv_r2_motor": 0.3648497760295868,
    "zv_r2_ee": 0.202156201004982,
    "raw_r2_motor": 0.3206460177898407,
    "raw_r2_ee": 0.10253579914569855,
    "pca256_r2_motor": 0.32117587327957153,
    "pca256_r2_ee": 0.14359678328037262
   },
   "franka": {
    "n_test": 5970,
    "rankme_zv": 188.40960913525504,
    "zv_r2_motor": -0.32812878489494324,
    "raw_r2_motor": -6.709146499633789,
    "pca256_r2_motor": -0.7499379515647888
   },
   "kuka": {
    "n_test": 10650,
    "rankme_zv": 178.0817098418589,
    "zv_r2_motor": 0.33402717113494873,
    "zv_r2_ee": 0.42442557215690613,
    "raw_r2_motor": 0.39103806018829346,
    "raw_r2_ee": 0.35304340720176697,
    "pca256_r2_motor": 0.3841734230518341,
    "pca256_r2_ee": 0.3529908061027527
   },
   "train_minutes": 52.02345627148946
  },
  "2": {
   "flexiv": {
    "n_test": 27448,
    "rankme_zv": 187.2242123417088,
    "zv_r2_motor": 0.24294127523899078,
    "zv_r2_ee": 0.24598629772663116,
    "raw_r2_motor": 0.2318362593650818,
    "raw_r2_ee": 0.21098235249519348,
    "pca256_r2_motor": 0.21956075727939606,
    "pca256_r2_ee": 0.20494014024734497
   },
   "ur5": {
    "n_test": 12930,
    "rankme_zv": 188.59857657300904,
    "zv_r2_motor": 0.32588818669319153,
    "zv_r2_ee": 0.17469194531440735,
    "raw_r2_motor": 0.3206460177898407,
    "raw_r2_ee": 0.10253579914569855,
    "pca256_r2_motor": 0.32117587327957153,
    "pca256_r2_ee": 0.14359678328037262
   },
   "franka": {
    "n_test": 5970,
    "rankme_zv": 188.65815825833477,
    "zv_r2_motor": -0.4468115568161011,
    "raw_r2_motor": -6.709146499633789,
    "pca256_r2_motor": -0.7499379515647888
   },
   "kuka": {
    "n_test": 10650,
    "rankme_zv": 187.34709497330715,
    "zv_r2_motor": 0.3164084255695343,
    "zv_r2_ee": 0.3621788024902344,
    "raw_r2_motor": 0.39103806018829346,
    "raw_r2_ee": 0.35304340720176697,
    "pca256_r2_motor": 0.3841734230518341,
    "pca256_r2_ee": 0.3529908061027527
   },
   "train_minutes": 52.08206956386566
  },
  "3": {
   "flexiv": {
    "n_test": 27448,
    "rankme_zv": 105.92898125242147,
    "zv_r2_motor": 0.22591298818588257,
    "zv_r2_ee": 0.22974367439746857,
    "raw_r2_motor": 0.2318362593650818,
    "raw_r2_ee": 0.21098235249519348,
    "pca256_r2_motor": 0.21956075727939606,
    "pca256_r2_ee": 0.20494014024734497
   },
   "ur5": {
    "n_test": 12930,
    "rankme_zv": 109.43478436226792,
    "zv_r2_motor": 0.33381974697113037,
    "zv_r2_ee": 0.18118633329868317,
    "raw_r2_motor": 0.3206460177898407,
    "raw_r2_ee": 0.10253579914569855,
    "pca256_r2_motor": 0.32117587327957153,
    "pca256_r2_ee": 0.14359678328037262
   },
   "franka": {
    "n_test": 5970,
    "rankme_zv": 112.38456252856817,
    "zv_r2_motor": -0.398512065410614,
    "raw_r2_motor": -6.709146499633789,
    "pca256_r2_motor": -0.7499379515647888
   },
   "kuka": {
    "n_test": 10650,
    "rankme_zv": 111.21414569158067,
    "zv_r2_motor": 0.305449903011322,
    "zv_r2_ee": 0.3761543333530426,
    "raw_r2_motor": 0.39103806018829346,
    "raw_r2_ee": 0.35304340720176697,
    "pca256_r2_motor": 0.3841734230518341,
    "pca256_r2_ee": 0.3529908061027527
   },
   "train_minutes": 51.998942863941195
  },
  "4": {
   "flexiv": {
    "n_test": 27448,
    "rankme_zv": 186.57916932270135,
    "zv_r2_motor": 0.23854710161685944,
    "zv_r2_ee": 0.25359585881233215,
    "raw_r2_motor": 0.2318362593650818,
    "raw_r2_ee": 0.21098235249519348,
    "pca256_r2_motor": 0.21956075727939606,
    "pca256_r2_ee": 0.20494014024734497
   },
   "ur5": {
    "n_test": 12930,
    "rankme_zv": 187.92753615272989,
    "zv_r2_motor": 0.3331660032272339,
    "zv_r2_ee": 0.18991823494434357,
    "raw_r2_motor": 0.3206460177898407,
    "raw_r2_ee": 0.10253579914569855,
    "pca256_r2_motor": 0.32117587327957153,
    "pca256_r2_ee": 0.14359678328037262
   },
   "franka": {
    "n_test": 5970,
    "rankme_zv": 187.0703704997417,
    "zv_r2_motor": -0.3997977375984192,
    "raw_r2_motor": -6.709146499633789,
    "pca256_r2_motor": -0.7499379515647888
   },
   "kuka": {
    "n_test": 10650,
    "rankme_zv": 180.10185901795182,
    "zv_r2_motor": 0.29329270124435425,
    "zv_r2_ee": 0.35584017634391785,
    "raw_r2_motor": 0.39103806018829346,
    "raw_r2_ee": 0.35304340720176697,
    "pca256_r2_motor": 0.3841734230518341,
    "pca256_r2_ee": 0.3529908061027527
   },
   "train_minutes": 52.095875628789265
  }
 }
}