{
 "args": {
  "cache_dir": "/mnt/nas/data/RH20T/caches",
  "train_cfgs": [
   1,
   2
  ],
  "tag": "flexiv",
  "out_dir": "/mnt/nas/data/RH20T/checkpoints/phase1",
  "seeds": 5,
  "epochs": 40,
  "batch": 256,
  "d": 256,
  "queries": 8,
  "lr": 0.001,
  "workers": 4
 },
 "seeds": {
  "0": {
   "flexiv": {
    "n_test": 27448,
    "rankme_zv": 189.44710423198595,
    "zv_r2_motor": 0.29855531454086304,
    "zv_r2_ee": 0.33144649863243103,
    "raw_r2_motor": 0.2318362593650818,
    "raw_r2_ee": 0.21098235249519348,
    "pca256_r2_motor": 0.21956075727939606,
    "pca256_r2_ee": 0.20494014024734497
   },
   "ur5": {
    "n_test": 12930,
    "rankme_zv": 191.7002501050765,
    "zv_r2_motor": 0.2813244163990021,
    "zv_r2_ee": 0.1665356606245041,
    "raw_r2_motor": 0.3206460177898407,
    "raw_r2_ee": 0.10253579914569855,
    "pca256_r2_motor": 0.32117587327957153,
    "pca256_r2_ee": 0.14359678328037262
   },
   "franka": {
    "n_test": 5970,
    "rankme_zv": 186.8482906697031,
    "zv_r2_motor": -0.3441043496131897,
    "raw_r2_motor": -6.709146499633789,
    "pca256_r2_motor": -0.7499379515647888
   },
   "kuka": {
    "n_test": 10650,
    "rankme_zv": 194.64834577809694,
    "zv_r2_motor": 0.24876980483531952,
    "zv_r2_ee": 0.28190094232559204,
    "raw_r2_motor": 0.39103806018829346,
    "raw_r2_ee": 0.35304340720176697,
    "pca256_r2_motor": 0.3841734230518341,
    "pca256_r2_ee": 0.3529908061027527
   },
   "train_minutes": 27.34324367046356
  },
  "1": {
   "flexiv": {
    "n_test": 27448,
    "rankme_zv": 65.66202796716948,
    "zv_r2_motor": 0.22706295549869537,
    "zv_r2_ee": 0.22307001054286957,
    "raw_r2_motor": 0.2318362593650818,
    "raw_r2_ee": 0.21098235249519348,
    "pca256_r2_motor": 0.21956075727939606,
    "pca256_r2_ee": 0.20494014024734497
   },
   "ur5": {
    "n_test": 12930,
    "rankme_zv": 68.68181235145842,
    "zv_r2_motor": 0.25128474831581116,
    "zv_r2_ee": 0.12651583552360535,
    "raw_r2_motor": 0.3206460177898407,
    "raw_r2_ee": 0.10253579914569855,
    "pca256_r2_motor": 0.32117587327957153,
    "pca256_r2_ee": 0.14359678328037262
   },
   "franka": {
    "n_test": 5970,
    "rankme_zv": 63.58322685076646,
    "zv_r2_motor": -0.1734786182641983,
    "raw_r2_motor": -6.709146499633789,
    "pca256_r2_motor": -0.7499379515647888
   },
   "kuka": {
    "n_test": 10650,
    "rankme_zv": 72.85005159237834,
    "zv_r2_motor": 0.21931029856204987,
    "zv_r2_ee": 0.21515046060085297,
    "raw_r2_motor": 0.39103806018829346,
    "raw_r2_ee": 0.35304340720176697,
    "pca256_r2_motor": 0.3841734230518341,
    "pca256_r2_ee": 0.3529908061027527
   },
   "train_minutes": 27.278123100598652
  },
  "2": {
   "flexiv": {
    "n_test": 27448,
    "rankme_zv": 187.84286501353048,
    "zv_r2_motor": 0.2717694342136383,
    "zv_r2_ee": 0.2914993166923523,
    "raw_r2_motor": 0.2318362593650818,
    "raw_r2_ee": 0.21098235249519348,
    "pca256_r2_motor": 0.21956075727939606,
    "pca256_r2_ee": 0.20494014024734497
   },
   "ur5": {
    "n_test": 12930,
    "rankme_zv": 192.24668546228094,
    "zv_r2_motor": 0.22903181612491608,
    "zv_r2_ee": 0.12932582199573517,
    "raw_r2_motor": 0.3206460177898407,
    "raw_r2_ee": 0.10253579914569855,
    "pca256_r2_motor": 0.32117587327957153,
    "pca256_r2_ee": 0.14359678328037262
   },
   "franka": {
    "n_test": 5970,
    "rankme_zv": 189.67854159909527,
    "zv_r2_motor": -0.3967230021953583,
    "raw_r2_motor": -6.709146499633789,
    "pca256_r2_motor": -0.7499379515647888
   },
   "kuka": {
    "n_test": 10650,
    "rankme_zv": 195.95834875007128,
    "zv_r2_motor": 0.2160056233406067,
    "zv_r2_ee": 0.225009486079216,
    "raw_r2_motor": 0.39103806018829346,
    "raw_r2_ee": 0.35304340720176697,
    "pca256_r2_motor": 0.3841734230518341,
    "pca256_r2_ee": 0.3529908061027527
   },
   "train_minutes": 27.24549272855123
  },
  "3": {
   "flexiv": {
    "n_test": 27448,
    "rankme_zv": 178.41374767248084,
    "zv_r2_motor": 0.2787606418132782,
    "zv_r2_ee": 0.29249444603919983,
    "raw_r2_motor": 0.2318362593650818,
    "raw_r2_ee": 0.21098235249519348,
    "pca256_r2_motor": 0.21956075727939606,
    "pca256_r2_ee": 0.20494014024734497
   },
   "ur5": {
    "n_test": 12930,
    "rankme_zv": 182.49439356374006,
    "zv_r2_motor": 0.2806534171104431,
    "zv_r2_ee": 0.13932529091835022,
    "raw_r2_motor": 0.3206460177898407,
    "raw_r2_ee": 0.10253579914569855,
    "pca256_r2_motor": 0.32117587327957153,
    "pca256_r2_ee": 0.14359678328037262
   },
   "franka": {
    "n_test": 5970,
    "rankme_zv": 178.60109820140372,
    "zv_r2_motor": -0.5506529211997986,
    "raw_r2_motor": -6.709146499633789,
    "pca256_r2_motor": -0.7499379515647888
   },
   "kuka": {
    "n_test": 10650,
    "rankme_zv": 186.56388600142776,
    "zv_r2_motor": 0.23757490515708923,
    "zv_r2_ee": 0.2550946772098541,
    "raw_r2_motor": 0.39103806018829346,
    "raw_r2_ee": 0.35304340720176697,
    "pca256_r2_motor": 0.3841734230518341,
    "pca256_r2_ee": 0.3529908061027527
   },
   "train_minutes": 27.682380902767182
  },
  "4": {
   "flexiv": {
    "n_test": 27448,
    "rankme_zv": 186.14844289619924,
    "zv_r2_motor": 0.2713629901409149,
    "zv_r2_ee": 0.29366809129714966,
    "raw_r2_motor": 0.2318362593650818,
    "raw_r2_ee": 0.21098235249519348,
    "pca256_r2_motor": 0.21956075727939606,
    "pca256_r2_ee": 0.20494014024734497
   },
   "ur5": {
    "n_test": 12930,
    "rankme_zv": 191.1945278130217,
    "zv_r2_motor": 0.2284405529499054,
    "zv_r2_ee": 0.12253372371196747,
    "raw_r2_motor": 0.3206460177898407,
    "raw_r2_ee": 0.10253579914569855,
    "pca256_r2_motor": 0.32117587327957153,
    "pca256_r2_ee": 0.14359678328037262
   },
   "franka": {
    "n_test": 5970,
    "rankme_zv": 182.4454438106938,
    "zv_r2_motor": -0.4982256591320038,
    "raw_r2_motor": -6.709146499633789,
    "pca256_r2_motor": -0.7499379515647888
   },
   "kuka": {
    "n_test": 10650,
    "rankme_zv": 192.19367266488175,
    "zv_r2_motor": 0.24803738296031952,
    "zv_r2_ee": 0.2596917450428009,
    "raw_r2_motor": 0.39103806018829346,
    "raw_r2_ee": 0.35304340720176697,
    "pca256_r2_motor": 0.3841734230518341,
    "pca256_r2_ee": 0.3529908061027527
   },
   "train_minutes": 27.164018420378365
  }
 }
}