{
 "args": {
  "cache_dir": "/mnt/nas/data/RH20T/caches",
  "train_cfgs": [
   5
  ],
  "tag": "franka",
  "out_dir": "/mnt/nas/data/RH20T/checkpoints/phase1",
  "seeds": 5,
  "epochs": 40,
  "batch": 256,
  "d": 256,
  "queries": 8,
  "lr": 0.001,
  "workers": 4
 },
 "seeds": {
  "0": {
   "flexiv": {
    "n_test": 27448,
    "rankme_zv": 151.22045566487515,
    "zv_r2_motor": 0.06528978049755096,
    "zv_r2_ee": 0.05326799303293228,
    "raw_r2_motor": 0.2318362593650818,
    "raw_r2_ee": 0.21098235249519348,
    "pca256_r2_motor": 0.21956075727939606,
    "pca256_r2_ee": 0.20494014024734497
   },
   "ur5": {
    "n_test": 12930,
    "rankme_zv": 149.0819805017498,
    "zv_r2_motor": 0.09869622439146042,
    "zv_r2_ee": 0.023374807089567184,
    "raw_r2_motor": 0.3206460177898407,
    "raw_r2_ee": 0.10253579914569855,
    "pca256_r2_motor": 0.32117587327957153,
    "pca256_r2_ee": 0.14359678328037262
   },
   "franka": {
    "n_test": 5970,
    "rankme_zv": 147.11205701776615,
    "zv_r2_motor": -0.516974687576294,
    "raw_r2_motor": -6.709146499633789,
    "pca256_r2_motor": -0.7499379515647888
   },
   "kuka": {
    "n_test": 10650,
    "rankme_zv": 145.45873057363278,
    "zv_r2_motor": 0.14314252138137817,
    "zv_r2_ee": 0.0972265899181366,
    "raw_r2_motor": 0.39103806018829346,
    "raw_r2_ee": 0.35304340720176697,
    "pca256_r2_motor": 0.3841734230518341,
    "pca256_r2_ee": 0.3529908061027527
   },
   "train_minutes": 8.862036220232646
  },
  "1": {
   "flexiv": {
    "n_test": 27448,
    "rankme_zv": 148.23586287862983,
    "zv_r2_motor": 0.07483602315187454,
    "zv_r2_ee": 0.0673985481262207,
    "raw_r2_motor": 0.2318362593650818,
    "raw_r2_ee": 0.21098235249519348,
    "pca256_r2_motor": 0.21956075727939606,
    "pca256_r2_ee": 0.20494014024734497
   },
   "ur5": {
    "n_test": 12930,
    "rankme_zv": 143.6936715830535,
    "zv_r2_motor": 0.08929358422756195,
    "zv_r2_ee": 0.031525060534477234,
    "raw_r2_motor": 0.3206460177898407,
    "raw_r2_ee": 0.10253579914569855,
    "pca256_r2_motor": 0.32117587327957153,
    "pca256_r2_ee": 0.14359678328037262
   },
   "franka": {
    "n_test": 5970,
    "rankme_zv": 143.39796773476448,
    "zv_r2_motor": -0.5944414138793945,
    "raw_r2_motor": -6.709146499633789,
    "pca256_r2_motor": -0.7499379515647888
   },
   "kuka": {
    "n_test": 10650,
    "rankme_zv": 142.4914846511224,
    "zv_r2_motor": 0.14488369226455688,
    "zv_r2_ee": 0.09706452488899231,
    "raw_r2_motor": 0.39103806018829346,
    "raw_r2_ee": 0.35304340720176697,
    "pca256_r2_motor": 0.3841734230518341,
    "pca256_r2_ee": 0.3529908061027527
   },
   "train_minutes": 7.88226219813029
  },
  "2": {
   "flexiv": {
    "n_test": 27448,
    "rankme_zv": 155.27273447910733,
    "zv_r2_motor": 0.06868033856153488,
    "zv_r2_ee": 0.055910006165504456,
    "raw_r2_motor": 0.2318362593650818,
    "raw_r2_ee": 0.21098235249519348,
    "pca256_r2_motor": 0.21956075727939606,
    "pca256_r2_ee": 0.20494014024734497
   },
   "ur5": {
    "n_test": 12930,
    "rankme_zv": 150.67381812240114,
    "zv_r2_motor": 0.08476670831441879,
    "zv_r2_ee": 0.030124474316835403,
    "raw_r2_motor": 0.3206460177898407,
    "raw_r2_ee": 0.10253579914569855,
    "pca256_r2_motor": 0.32117587327957153,
    "pca256_r2_ee": 0.14359678328037262
   },
   "franka": {
    "n_test": 5970,
    "rankme_zv": 150.3598512701676,
    "zv_r2_motor": -0.3803064227104187,
    "raw_r2_motor": -6.709146499633789,
    "pca256_r2_motor": -0.7499379515647888
   },
   "kuka": {
    "n_test": 10650,
    "rankme_zv": 150.04717102732366,
    "zv_r2_motor": 0.13810355961322784,
    "zv_r2_ee": 0.09178508073091507,
    "raw_r2_motor": 0.39103806018829346,
    "raw_r2_ee": 0.35304340720176697,
    "pca256_r2_motor": 0.3841734230518341,
    "pca256_r2_ee": 0.3529908061027527
   },
   "train_minutes": 8.090389001369477
  },
  "3": {
   "flexiv": {
    "n_test": 27448,
    "rankme_zv": 148.3598552725096,
    "zv_r2_motor": 0.06951480358839035,
    "zv_r2_ee": 0.06238005682826042,
    "raw_r2_motor": 0.2318362593650818,
    "raw_r2_ee": 0.21098235249519348,
    "pca256_r2_motor": 0.21956075727939606,
    "pca256_r2_ee": 0.20494014024734497
   },
   "ur5": {
    "n_test": 12930,
    "rankme_zv": 143.16568535674253,
    "zv_r2_motor": 0.08542151749134064,
    "zv_r2_ee": 0.033520106226205826,
    "raw_r2_motor": 0.3206460177898407,
    "raw_r2_ee": 0.10253579914569855,
    "pca256_r2_motor": 0.32117587327957153,
    "pca256_r2_ee": 0.14359678328037262
   },
   "franka": {
    "n_test": 5970,
    "rankme_zv": 144.09425456584972,
    "zv_r2_motor": -0.47902628779411316,
    "raw_r2_motor": -6.709146499633789,
    "pca256_r2_motor": -0.7499379515647888
   },
   "kuka": {
    "n_test": 10650,
    "rankme_zv": 143.13605063147554,
    "zv_r2_motor": 0.1639343500137329,
    "zv_r2_ee": 0.11759714782238007,
    "raw_r2_motor": 0.39103806018829346,
    "raw_r2_ee": 0.35304340720176697,
    "pca256_r2_motor": 0.3841734230518341,
    "pca256_r2_ee": 0.3529908061027527
   },
   "train_minutes": 7.744551332791646
  },
  "4": {
   "flexiv": {
    "n_test": 27448,
    "rankme_zv": 152.9259129612477,
    "zv_r2_motor": 0.06765139847993851,
    "zv_r2_ee": 0.058228444308042526,
    "raw_r2_motor": 0.2318362593650818,
    "raw_r2_ee": 0.21098235249519348,
    "pca256_r2_motor": 0.21956075727939606,
    "pca256_r2_ee": 0.20494014024734497
   },
   "ur5": {
    "n_test": 12930,
    "rankme_zv": 148.27602794580244,
    "zv_r2_motor": 0.08151349425315857,
    "zv_r2_ee": 0.026839764788746834,
    "raw_r2_motor": 0.3206460177898407,
    "raw_r2_ee": 0.10253579914569855,
    "pca256_r2_motor": 0.32117587327957153,
    "pca256_r2_ee": 0.14359678328037262
   },
   "franka": {
    "n_test": 5970,
    "rankme_zv": 148.23837004268788,
    "zv_r2_motor": -0.42662763595581055,
    "raw_r2_motor": -6.709146499633789,
    "pca256_r2_motor": -0.7499379515647888
   },
   "kuka": {
    "n_test": 10650,
    "rankme_zv": 147.1622916607077,
    "zv_r2_motor": 0.15190768241882324,
    "zv_r2_ee": 0.10748067498207092,
    "raw_r2_motor": 0.39103806018829346,
    "raw_r2_ee": 0.35304340720176697,
    "pca256_r2_motor": 0.3841734230518341,
    "pca256_r2_ee": 0.3529908061027527
   },
   "train_minutes": 7.813603107134501
  }
 }
}