{
 "args": {
  "cache_dir": "/mnt/nas/data/RH20T/caches",
  "train_cfgs": [
   6,
   7
  ],
  "tag": "kuka",
  "out_dir": "/mnt/nas/data/RH20T/checkpoints/phase1",
  "seeds": 5,
  "epochs": 40,
  "batch": 256,
  "d": 256,
  "queries": 8,
  "lr": 0.001,
  "workers": 4
 },
 "seeds": {
  "0": {
   "flexiv": {
    "n_test": 27448,
    "rankme_zv": 148.47761817582463,
    "zv_r2_motor": 0.12848013639450073,
    "zv_r2_ee": 0.11555605381727219,
    "raw_r2_motor": 0.2318362593650818,
    "raw_r2_ee": 0.21098235249519348,
    "pca256_r2_motor": 0.21956075727939606,
    "pca256_r2_ee": 0.20494014024734497
   },
   "ur5": {
    "n_test": 12930,
    "rankme_zv": 148.2395585897457,
    "zv_r2_motor": 0.2426406443119049,
    "zv_r2_ee": 0.13336095213890076,
    "raw_r2_motor": 0.3206460177898407,
    "raw_r2_ee": 0.10253579914569855,
    "pca256_r2_motor": 0.32117587327957153,
    "pca256_r2_ee": 0.14359678328037262
   },
   "franka": {
    "n_test": 5970,
    "rankme_zv": 143.23867638253478,
    "zv_r2_motor": -0.5377392172813416,
    "raw_r2_motor": -6.709146499633789,
    "pca256_r2_motor": -0.7499379515647888
   },
   "kuka": {
    "n_test": 10650,
    "rankme_zv": 136.22967290491553,
    "zv_r2_motor": 0.35480183362960815,
    "zv_r2_ee": 0.48357871174812317,
    "raw_r2_motor": 0.39103806018829346,
    "raw_r2_ee": 0.35304340720176697,
    "pca256_r2_motor": 0.3841734230518341,
    "pca256_r2_ee": 0.3529908061027527
   },
   "train_minutes": 12.279335264364878
  },
  "1": {
   "flexiv": {
    "n_test": 27448,
    "rankme_zv": 152.5282146813114,
    "zv_r2_motor": 0.12410483509302139,
    "zv_r2_ee": 0.11288756877183914,
    "raw_r2_motor": 0.2318362593650818,
    "raw_r2_ee": 0.21098235249519348,
    "pca256_r2_motor": 0.21956075727939606,
    "pca256_r2_ee": 0.20494014024734497
   },
   "ur5": {
    "n_test": 12930,
    "rankme_zv": 155.12413451601068,
    "zv_r2_motor": 0.22188915312290192,
    "zv_r2_ee": 0.12167876213788986,
    "raw_r2_motor": 0.3206460177898407,
    "raw_r2_ee": 0.10253579914569855,
    "pca256_r2_motor": 0.32117587327957153,
    "pca256_r2_ee": 0.14359678328037262
   },
   "franka": {
    "n_test": 5970,
    "rankme_zv": 145.76647118454608,
    "zv_r2_motor": -0.49927034974098206,
    "raw_r2_motor": -6.709146499633789,
    "pca256_r2_motor": -0.7499379515647888
   },
   "kuka": {
    "n_test": 10650,
    "rankme_zv": 145.9273598207659,
    "zv_r2_motor": 0.3495468497276306,
    "zv_r2_ee": 0.4830757677555084,
    "raw_r2_motor": 0.39103806018829346,
    "raw_r2_ee": 0.35304340720176697,
    "pca256_r2_motor": 0.3841734230518341,
    "pca256_r2_ee": 0.3529908061027527
   },
   "train_minutes": 12.442421360810597
  },
  "2": {
   "flexiv": {
    "n_test": 27448,
    "rankme_zv": 156.33845560473117,
    "zv_r2_motor": 0.12888924777507782,
    "zv_r2_ee": 0.11191681027412415,
    "raw_r2_motor": 0.2318362593650818,
    "raw_r2_ee": 0.21098235249519348,
    "pca256_r2_motor": 0.21956075727939606,
    "pca256_r2_ee": 0.20494014024734497
   },
   "ur5": {
    "n_test": 12930,
    "rankme_zv": 156.89012909852553,
    "zv_r2_motor": 0.22235819697380066,
    "zv_r2_ee": 0.12214449793100357,
    "raw_r2_motor": 0.3206460177898407,
    "raw_r2_ee": 0.10253579914569855,
    "pca256_r2_motor": 0.32117587327957153,
    "pca256_r2_ee": 0.14359678328037262
   },
   "franka": {
    "n_test": 5970,
    "rankme_zv": 150.3219026747952,
    "zv_r2_motor": -0.3540502190589905,
    "raw_r2_motor": -6.709146499633789,
    "pca256_r2_motor": -0.7499379515647888
   },
   "kuka": {
    "n_test": 10650,
    "rankme_zv": 150.08791105054053,
    "zv_r2_motor": 0.32572707533836365,
    "zv_r2_ee": 0.4628365635871887,
    "raw_r2_motor": 0.39103806018829346,
    "raw_r2_ee": 0.35304340720176697,
    "pca256_r2_motor": 0.3841734230518341,
    "pca256_r2_ee": 0.3529908061027527
   },
   "train_minutes": 12.097614248593649
  },
  "3": {
   "flexiv": {
    "n_test": 27448,
    "rankme_zv": 158.9775592670379,
    "zv_r2_motor": 0.11685393005609512,
    "zv_r2_ee": 0.09759468585252762,
    "raw_r2_motor": 0.2318362593650818,
    "raw_r2_ee": 0.21098235249519348,
    "pca256_r2_motor": 0.21956075727939606,
    "pca256_r2_ee": 0.20494014024734497
   },
   "ur5": {
    "n_test": 12930,
    "rankme_zv": 158.99652112928274,
    "zv_r2_motor": 0.2240646928548813,
    "zv_r2_ee": 0.11725146323442459,
    "raw_r2_motor": 0.3206460177898407,
    "raw_r2_ee": 0.10253579914569855,
    "pca256_r2_motor": 0.32117587327957153,
    "pca256_r2_ee": 0.14359678328037262
   },
   "franka": {
    "n_test": 5970,
    "rankme_zv": 153.9982463704243,
    "zv_r2_motor": -0.408424973487854,
    "raw_r2_motor": -6.709146499633789,
    "pca256_r2_motor": -0.7499379515647888
   },
   "kuka": {
    "n_test": 10650,
    "rankme_zv": 148.18952124333643,
    "zv_r2_motor": 0.3041130304336548,
    "zv_r2_ee": 0.37685126066207886,
    "raw_r2_motor": 0.39103806018829346,
    "raw_r2_ee": 0.35304340720176697,
    "pca256_r2_motor": 0.3841734230518341,
    "pca256_r2_ee": 0.3529908061027527
   },
   "train_minutes": 12.065153467655183
  },
  "4": {
   "flexiv": {
    "n_test": 27448,
    "rankme_zv": 137.5470352156208,
    "zv_r2_motor": 0.10433511435985565,
    "zv_r2_ee": 0.09139789640903473,
    "raw_r2_motor": 0.2318362593650818,
    "raw_r2_ee": 0.21098235249519348,
    "pca256_r2_motor": 0.21956075727939606,
    "pca256_r2_ee": 0.20494014024734497
   },
   "ur5": {
    "n_test": 12930,
    "rankme_zv": 135.1305147146111,
    "zv_r2_motor": 0.19596530497074127,
    "zv_r2_ee": 0.09915951639413834,
    "raw_r2_motor": 0.3206460177898407,
    "raw_r2_ee": 0.10253579914569855,
    "pca256_r2_motor": 0.32117587327957153,
    "pca256_r2_ee": 0.14359678328037262
   },
   "franka": {
    "n_test": 5970,
    "rankme_zv": 132.8570205190827,
    "zv_r2_motor": -0.35532644391059875,
    "raw_r2_motor": -6.709146499633789,
    "pca256_r2_motor": -0.7499379515647888
   },
   "kuka": {
    "n_test": 10650,
    "rankme_zv": 131.45249442494935,
    "zv_r2_motor": 0.3162383735179901,
    "zv_r2_ee": 0.3539893925189972,
    "raw_r2_motor": 0.39103806018829346,
    "raw_r2_ee": 0.35304340720176697,
    "pca256_r2_motor": 0.3841734230518341,
    "pca256_r2_ee": 0.3529908061027527
   },
   "train_minutes": 12.04462749560674
  }
 }
}