{
 "args": {
  "cache_dir": "/mnt/nas/data/RH20T/caches",
  "train_cfgs": [
   3,
   4
  ],
  "tag": "ur5",
  "out_dir": "/mnt/nas/data/RH20T/checkpoints/phase1",
  "seeds": 5,
  "epochs": 40,
  "batch": 256,
  "d": 256,
  "queries": 8,
  "lr": 0.001,
  "workers": 4
 },
 "seeds": {
  "0": {
   "flexiv": {
    "n_test": 27448,
    "rankme_zv": 178.87789925187676,
    "zv_r2_motor": 0.15675553679466248,
    "zv_r2_ee": 0.14224773645401,
    "raw_r2_motor": 0.2318362593650818,
    "raw_r2_ee": 0.21098235249519348,
    "pca256_r2_motor": 0.21956075727939606,
    "pca256_r2_ee": 0.20494014024734497
   },
   "ur5": {
    "n_test": 12930,
    "rankme_zv": 176.70058502390853,
    "zv_r2_motor": 0.32797732949256897,
    "zv_r2_ee": 0.16283191740512848,
    "raw_r2_motor": 0.3206460177898407,
    "raw_r2_ee": 0.10253579914569855,
    "pca256_r2_motor": 0.32117587327957153,
    "pca256_r2_ee": 0.14359678328037262
   },
   "franka": {
    "n_test": 5970,
    "rankme_zv": 176.7568740134896,
    "zv_r2_motor": -0.2899303138256073,
    "raw_r2_motor": -6.709146499633789,
    "pca256_r2_motor": -0.7499379515647888
   },
   "kuka": {
    "n_test": 10650,
    "rankme_zv": 181.6767487631442,
    "zv_r2_motor": 0.2429335117340088,
    "zv_r2_ee": 0.26352444291114807,
    "raw_r2_motor": 0.39103806018829346,
    "raw_r2_ee": 0.35304340720176697,
    "pca256_r2_motor": 0.3841734230518341,
    "pca256_r2_ee": 0.3529908061027527
   },
   "train_minutes": 14.552225573857624
  },
  "1": {
   "flexiv": {
    "n_test": 27448,
    "rankme_zv": 181.53832689948842,
    "zv_r2_motor": 0.13978338241577148,
    "zv_r2_ee": 0.11319252103567123,
    "raw_r2_motor": 0.2318362593650818,
    "raw_r2_ee": 0.21098235249519348,
    "pca256_r2_motor": 0.21956075727939606,
    "pca256_r2_ee": 0.20494014024734497
   },
   "ur5": {
    "n_test": 12930,
    "rankme_zv": 176.5726629468141,
    "zv_r2_motor": 0.29458707571029663,
    "zv_r2_ee": 0.13756363093852997,
    "raw_r2_motor": 0.3206460177898407,
    "raw_r2_ee": 0.10253579914569855,
    "pca256_r2_motor": 0.32117587327957153,
    "pca256_r2_ee": 0.14359678328037262
   },
   "franka": {
    "n_test": 5970,
    "rankme_zv": 180.12311876130406,
    "zv_r2_motor": -0.3726760149002075,
    "raw_r2_motor": -6.709146499633789,
    "pca256_r2_motor": -0.7499379515647888
   },
   "kuka": {
    "n_test": 10650,
    "rankme_zv": 182.69520950111212,
    "zv_r2_motor": 0.22854061424732208,
    "zv_r2_ee": 0.24386350810527802,
    "raw_r2_motor": 0.39103806018829346,
    "raw_r2_ee": 0.35304340720176697,
    "pca256_r2_motor": 0.3841734230518341,
    "pca256_r2_ee": 0.3529908061027527
   },
   "train_minutes": 14.13800934155782
  },
  "2": {
   "flexiv": {
    "n_test": 27448,
    "rankme_zv": 187.1938374220865,
    "zv_r2_motor": 0.15665358304977417,
    "zv_r2_ee": 0.15093137323856354,
    "raw_r2_motor": 0.2318362593650818,
    "raw_r2_ee": 0.21098235249519348,
    "pca256_r2_motor": 0.21956075727939606,
    "pca256_r2_ee": 0.20494014024734497
   },
   "ur5": {
    "n_test": 12930,
    "rankme_zv": 181.0350656199473,
    "zv_r2_motor": 0.32256144285202026,
    "zv_r2_ee": 0.14833225309848785,
    "raw_r2_motor": 0.3206460177898407,
    "raw_r2_ee": 0.10253579914569855,
    "pca256_r2_motor": 0.32117587327957153,
    "pca256_r2_ee": 0.14359678328037262
   },
   "franka": {
    "n_test": 5970,
    "rankme_zv": 183.1606609376271,
    "zv_r2_motor": -0.5530676245689392,
    "raw_r2_motor": -6.709146499633789,
    "pca256_r2_motor": -0.7499379515647888
   },
   "kuka": {
    "n_test": 10650,
    "rankme_zv": 184.69650878881663,
    "zv_r2_motor": 0.23197776079177856,
    "zv_r2_ee": 0.2333722710609436,
    "raw_r2_motor": 0.39103806018829346,
    "raw_r2_ee": 0.35304340720176697,
    "pca256_r2_motor": 0.3841734230518341,
    "pca256_r2_ee": 0.3529908061027527
   },
   "train_minutes": 14.107792381445567
  },
  "3": {
   "flexiv": {
    "n_test": 27448,
    "rankme_zv": 183.19712942296644,
    "zv_r2_motor": 0.15989631414413452,
    "zv_r2_ee": 0.1474834382534027,
    "raw_r2_motor": 0.2318362593650818,
    "raw_r2_ee": 0.21098235249519348,
    "pca256_r2_motor": 0.21956075727939606,
    "pca256_r2_ee": 0.20494014024734497
   },
   "ur5": {
    "n_test": 12930,
    "rankme_zv": 178.46811364878985,
    "zv_r2_motor": 0.35998931527137756,
    "zv_r2_ee": 0.18297246098518372,
    "raw_r2_motor": 0.3206460177898407,
    "raw_r2_ee": 0.10253579914569855,
    "pca256_r2_motor": 0.32117587327957153,
    "pca256_r2_ee": 0.14359678328037262
   },
   "franka": {
    "n_test": 5970,
    "rankme_zv": 178.46014006437028,
    "zv_r2_motor": -0.49982738494873047,
    "raw_r2_motor": -6.709146499633789,
    "pca256_r2_motor": -0.7499379515647888
   },
   "kuka": {
    "n_test": 10650,
    "rankme_zv": 184.11478943519313,
    "zv_r2_motor": 0.23988240957260132,
    "zv_r2_ee": 0.25028321146965027,
    "raw_r2_motor": 0.39103806018829346,
    "raw_r2_ee": 0.35304340720176697,
    "pca256_r2_motor": 0.3841734230518341,
    "pca256_r2_ee": 0.3529908061027527
   },
   "train_minutes": 14.245005440711974
  },
  "4": {
   "flexiv": {
    "n_test": 27448,
    "rankme_zv": 179.11861917568768,
    "zv_r2_motor": 0.12782059609889984,
    "zv_r2_ee": 0.12062417715787888,
    "raw_r2_motor": 0.2318362593650818,
    "raw_r2_ee": 0.21098235249519348,
    "pca256_r2_motor": 0.21956075727939606,
    "pca256_r2_ee": 0.20494014024734497
   },
   "ur5": {
    "n_test": 12930,
    "rankme_zv": 172.61297988671714,
    "zv_r2_motor": 0.3168940842151642,
    "zv_r2_ee": 0.14864568412303925,
    "raw_r2_motor": 0.3206460177898407,
    "raw_r2_ee": 0.10253579914569855,
    "pca256_r2_motor": 0.32117587327957153,
    "pca256_r2_ee": 0.14359678328037262
   },
   "franka": {
    "n_test": 5970,
    "rankme_zv": 175.9252054384479,
    "zv_r2_motor": -0.3396458327770233,
    "raw_r2_motor": -6.709146499633789,
    "pca256_r2_motor": -0.7499379515647888
   },
   "kuka": {
    "n_test": 10650,
    "rankme_zv": 181.0327395783104,
    "zv_r2_motor": 0.23569752275943756,
    "zv_r2_ee": 0.24405322968959808,
    "raw_r2_motor": 0.39103806018829346,
    "raw_r2_ee": 0.35304340720176697,
    "pca256_r2_motor": 0.3841734230518341,
    "pca256_r2_ee": 0.3529908061027527
   },
   "train_minutes": 13.993301657835643
  }
 }
}